Chromosome,Position,rsIDs,Reference,Alternate,Source,Filters - exomes,Filters - genomes,HGVS Consequence,Protein Consequence,Transcript Consequence,VEP Annotation,ClinVar Clinical Significance,ClinVar Variation ID,Flags,Allele Count,Allele Number,Allele Frequency,Homozygote Count,Hemizygote Count,Allele Count Other,Allele Number Other,Homozygote Count Other,Hemizygote Count Other,Allele Count Latino/Admixed American,Allele Number Latino/Admixed American,Homozygote Count Latino/Admixed American,Hemizygote Count Latino/Admixed American,Allele Count European (Finnish),Allele Number European (Finnish),Homozygote Count European (Finnish),Hemizygote Count European (Finnish),Allele Count Amish,Allele Number Amish,Homozygote Count Amish,Hemizygote Count Amish,Allele Count East Asian,Allele Number East Asian,Homozygote Count East Asian,Hemizygote Count East Asian,Allele Count Middle Eastern,Allele Number Middle Eastern,Homozygote Count Middle Eastern,Hemizygote Count Middle Eastern,Allele Count South Asian,Allele Number South Asian,Homozygote Count South Asian,Hemizygote Count South Asian,Allele Count Ashkenazi Jewish,Allele Number Ashkenazi Jewish,Homozygote Count Ashkenazi Jewish,Hemizygote Count Ashkenazi Jewish,Allele Count African/African-American,Allele Number African/African-American,Homozygote Count African/African-American,Hemizygote Count African/African-American,Allele Count European (non-Finnish),Allele Number European (non-Finnish),Homozygote Count European (non-Finnish),Hemizygote Count European (non-Finnish)
X,152168157,,G,A,gnomAD Genomes,NA,PASS,c.*71C>T,,c.*71C>T,3_prime_UTR_variant,,,,1,111444,0.000008973116542837659,0,1,0,1520,0,0,0,10463,0,0,1,6010,0,1,0,684,0,0,0,3543,0,0,0,236,0,0,0,2630,0,0,0,2642,0,0,0,30604,0,0,0,53112,0,0
X,152168161,rs1384790433,C,T,gnomAD Genomes,NA,PASS,c.*67G>A,,c.*67G>A,3_prime_UTR_variant,,,,3,111256,0.00002696483785144172,0,0,0,1512,0,0,0,10427,0,0,0,5983,0,0,0,686,0,0,0,3530,0,0,0,236,0,0,0,2633,0,0,0,2641,0,0,1,30550,0,0,2,53058,0,0
X,152168162,rs1386272230,G,A,gnomAD Genomes,NA,PASS,c.*66C>T,,c.*66C>T,3_prime_UTR_variant,,,,3,111496,0.000026906794862595966,0,2,0,1523,0,0,0,10456,0,0,0,6027,0,0,0,688,0,0,0,3538,0,0,0,237,0,0,0,2642,0,0,0,2644,0,0,0,30614,0,0,3,53127,0,2
X,152168165,rs1603193519,G,A,gnomAD Genomes,NA,PASS,c.*63C>T,,c.*63C>T,3_prime_UTR_variant,,,,1,111627,0.000008958406120383062,0,0,0,1516,0,0,0,10466,0,0,0,6048,0,0,0,688,0,0,0,3538,0,0,0,236,0,0,0,2642,0,0,0,2648,0,0,1,30665,0,0,0,53180,0,0
X,152168167,rs1453252241,T,C,gnomAD Genomes,NA,PASS,c.*61A>G,,c.*61A>G,3_prime_UTR_variant,,,,1,111231,0.000008990299466875241,0,0,0,1510,0,0,0,10431,0,0,0,6014,0,0,0,683,0,0,0,3529,0,0,0,236,0,0,0,2603,0,0,0,2639,0,0,1,30551,0,0,0,53035,0,0
X,152168169,rs200475731,G,A,gnomAD Genomes,NA,PASS,c.*59C>T,,c.*59C>T,3_prime_UTR_variant,,,,1,111589,0.000008961456774413249,0,0,0,1518,0,0,0,10470,0,0,0,6042,0,0,0,685,0,0,0,3538,0,0,0,235,0,0,0,2630,0,0,0,2645,0,0,0,30666,0,0,1,53160,0,0
X,152168187,rs746850230,C,T,gnomAD Genomes,NA,PASS,c.*41G>A,,c.*41G>A,3_prime_UTR_variant,,,,2,111743,0.000017898212863445587,0,1,0,1518,0,0,1,10512,0,0,0,6057,0,0,0,684,0,0,1,3534,0,1,0,235,0,0,0,2654,0,0,0,2643,0,0,0,30706,0,0,0,53200,0,0
X,152168188,rs770668337,G,A,gnomAD Genomes,NA,PASS,c.*40C>T,,c.*40C>T,3_prime_UTR_variant,,,,3,111724,0.000026851885002327164,0,2,0,1519,0,0,0,10501,0,0,0,6064,0,0,0,684,0,0,0,3543,0,0,0,234,0,0,2,2654,0,1,0,2645,0,0,1,30693,0,1,0,53187,0,0
X,152168190,rs776568783,G,A,gnomAD Genomes,NA,PASS,c.*38C>T,,c.*38C>T,3_prime_UTR_variant,,,,1,111642,0.000008957202486519411,0,0,0,1518,0,0,0,10486,0,0,0,6044,0,0,0,682,0,0,0,3545,0,0,0,235,0,0,0,2646,0,0,0,2642,0,0,1,30669,0,0,0,53175,0,0
X,152168191,rs983238481,G,A,gnomAD Genomes,NA,PASS,c.*37C>T,,c.*37C>T,3_prime_UTR_variant,,,,1,111789,0.00000894542396836898,0,0,0,1521,0,0,0,10509,0,0,0,6077,0,0,0,685,0,0,0,3548,0,0,0,235,0,0,0,2645,0,0,0,2651,0,0,0,30711,0,0,1,53207,0,0
X,152168218,rs749054752,C,T,gnomAD Genomes,NA,PASS,c.*10G>A,,c.*10G>A,3_prime_UTR_variant,,,,3,111780,0.000026838432635534083,0,1,0,1523,0,0,0,10527,0,0,0,6073,0,0,0,684,0,0,0,3548,0,0,0,235,0,0,3,2647,0,1,0,2636,0,0,0,30725,0,0,0,53182,0,0
X,152168224,rs200059789,C,T,gnomAD Genomes,NA,PASS,c.*4G>A,,c.*4G>A,3_prime_UTR_variant,,,,11,111851,0.00009834511984693924,0,2,0,1517,0,0,0,10530,0,0,0,6077,0,0,0,683,0,0,0,3547,0,0,0,238,0,0,0,2658,0,0,0,2636,0,0,0,30748,0,0,11,53217,0,2
X,152168225,,T,C,gnomAD Genomes,NA,PASS,c.*3A>G,,c.*3A>G,3_prime_UTR_variant,,,,1,111848,0.000008940705242829554,0,0,0,1522,0,0,0,10533,0,0,0,6073,0,0,0,685,0,0,0,3547,0,0,0,237,0,0,1,2658,0,0,0,2635,0,0,0,30760,0,0,0,53198,0,0
X,152168228,rs1388710614,C,T,gnomAD Genomes,NA,PASS,p.Ter493Ter,p.Ter493Ter,c.1479G>A,stop_retained_variant,,,,1,111817,0.000008943183952350716,0,0,0,1522,0,0,0,10510,0,0,0,6078,0,0,0,684,0,0,0,3545,0,0,0,239,0,0,0,2657,0,0,0,2640,0,0,1,30737,0,0,0,53205,0,0
X,152168238,rs78429013,C,T,gnomAD Genomes,NA,PASS,p.Arg490His,p.Arg490His,c.1469G>A,missense_variant,,,,3,111702,0.000026857173551055485,0,0,0,1520,0,0,2,10494,0,0,0,6050,0,0,0,682,0,0,0,3548,0,0,0,238,0,0,0,2647,0,0,1,2643,0,0,0,30708,0,0,0,53172,0,0
X,152168245,rs774359313,T,C,gnomAD Genomes,NA,PASS,p.Met488Val,p.Met488Val,c.1462A>G,missense_variant,,,,2,111794,0.000017890047766427535,0,0,0,1520,0,0,0,10503,0,0,0,6078,0,0,0,687,0,0,0,3542,0,0,0,240,0,0,0,2655,0,0,0,2645,0,0,2,30720,0,0,0,53204,0,0
X,152168246,rs768445940,G,A,gnomAD Genomes,NA,PASS,p.Gly487Gly,p.Gly487Gly,c.1461C>T,synonymous_variant,,,,3,111832,0.00002682595321553759,0,0,0,1520,0,0,0,10506,0,0,0,6078,0,0,0,687,0,0,0,3548,0,0,0,239,0,0,0,2651,0,0,0,2646,0,0,3,30747,0,0,0,53210,0,0
X,152168252,,G,A,gnomAD Genomes,NA,PASS,p.Ile485Ile,p.Ile485Ile,c.1455C>T,synonymous_variant,,,,1,111775,0.000008946544397226572,0,1,0,1514,0,0,0,10500,0,0,0,6076,0,0,0,685,0,0,0,3553,0,0,0,238,0,0,1,2653,0,1,0,2645,0,0,0,30722,0,0,0,53189,0,0
X,152168265,rs921583224,C,T,gnomAD Genomes,NA,PASS,p.Arg481Gln,p.Arg481Gln,c.1442G>A,missense_variant,,,,2,111617,0.000017918417445371226,0,1,0,1513,0,0,0,10453,0,0,0,6064,0,0,0,684,0,0,1,3540,0,1,0,240,0,0,0,2647,0,0,0,2645,0,0,0,30668,0,0,1,53163,0,0
X,152168270,rs1359087758,G,T,gnomAD Genomes,NA,PASS,p.Val479Val,p.Val479Val,c.1437C>A,synonymous_variant,,,,1,111789,0.00000894542396836898,0,0,0,1515,0,0,0,10485,0,0,0,6096,0,0,0,684,0,0,1,3545,0,0,0,239,0,0,0,2648,0,0,0,2647,0,0,0,30736,0,0,0,53194,0,0
X,152168270,rs1359087758,G,A,gnomAD Genomes,NA,PASS,p.Val479Val,p.Val479Val,c.1437C>T,synonymous_variant,,,,3,111789,0.000026836271905106942,0,1,0,1515,0,0,0,10485,0,0,0,6096,0,0,0,684,0,0,0,3545,0,0,0,239,0,0,0,2648,0,0,0,2647,0,0,1,30736,0,1,2,53194,0,0
X,152168272,rs979947582,C,T,gnomAD Genomes,NA,PASS,p.Val479Ile,p.Val479Ile,c.1435G>A,missense_variant,,,,1,111755,0.000008948145496845779,0,1,0,1516,0,0,0,10478,0,0,0,6083,0,0,0,686,0,0,0,3551,0,0,0,239,0,0,0,2648,0,0,0,2647,0,0,1,30709,0,1,0,53198,0,0
X,152168308,rs766792912,A,G,gnomAD Genomes,NA,PASS,p.Phe467Leu,p.Phe467Leu,c.1399T>C,missense_variant,,,,1,112015,0.000008927375797884211,0,0,0,1515,0,0,0,10514,0,0,0,6147,0,0,0,688,0,0,1,3562,0,0,0,240,0,0,0,2696,0,0,0,2649,0,0,0,30762,0,0,0,53242,0,0
X,152168321,rs151037577,G,A,gnomAD Genomes,NA,PASS,p.Ile462Ile,p.Ile462Ile,c.1386C>T,synonymous_variant,,,,12,112005,0.00010713807419311638,0,3,0,1518,0,0,0,10539,0,0,0,6146,0,0,0,685,0,0,0,3558,0,0,0,240,0,0,0,2687,0,0,0,2648,0,0,12,30765,0,3,0,53219,0,0
X,152168346,rs777060546,T,C,gnomAD Genomes,NA,PASS,p.Lys454Arg,p.Lys454Arg,c.1361A>G,missense_variant,,,,1,112050,0.00000892458723784025,0,0,0,1519,0,0,0,10550,0,0,0,6153,0,0,0,686,0,0,1,3560,0,0,0,239,0,0,0,2669,0,0,0,2654,0,0,0,30807,0,0,0,53213,0,0
X,152168365,,T,C,gnomAD Genomes,NA,PASS,p.Thr448Ala,p.Thr448Ala,c.1342A>G,missense_variant,,,,1,111813,0.000008943503885952439,0,1,0,1512,0,0,0,10545,0,0,0,6102,0,0,0,687,0,0,0,3543,0,0,0,239,0,0,0,2656,0,0,0,2645,0,0,1,30710,0,1,0,53174,0,0
X,152168369,rs76096542,G,C,gnomAD Genomes,NA,PASS,p.Thr446Thr,p.Thr446Thr,c.1338C>G,synonymous_variant,Benign,782828,,108,112064,0.0009637350085665334,1,29,6,1518,0,3,44,10578,1,12,0,6128,0,0,0,686,0,0,0,3545,0,0,6,240,0,1,1,2687,0,0,0,2655,0,0,6,30796,0,2,45,53231,0,11
X,152168378,rs747657802,C,G,gnomAD Genomes,NA,PASS,p.Pro443Pro,p.Pro443Pro,c.1329G>C,synonymous_variant,,,,4,112015,0.000035709503191536846,0,2,0,1520,0,0,1,10588,0,0,0,6113,0,0,0,685,0,0,2,3541,0,1,0,239,0,0,0,2673,0,0,0,2655,0,0,0,30788,0,0,1,53213,0,1
X,152168379,rs1374060307,G,A,gnomAD Genomes,NA,PASS,p.Pro443Leu,p.Pro443Leu,c.1328C>T,missense_variant,,,,1,112012,0.000008927614898403743,0,0,0,1519,0,0,0,10576,0,0,0,6128,0,0,0,686,0,0,0,3534,0,0,0,240,0,0,0,2682,0,0,0,2656,0,0,0,30793,0,0,1,53198,0,0
X,152168382,rs200960985,C,T,gnomAD Genomes,NA,PASS,p.Ser442Asn,p.Ser442Asn,c.1325G>A,missense_variant,,,,1,112102,0.000008920447449644074,0,0,0,1519,0,0,0,10590,0,0,0,6141,0,0,0,682,0,0,0,3545,0,0,0,239,0,0,0,2682,0,0,0,2660,0,0,0,30812,0,0,1,53232,0,0
X,152168392,rs79270150,C,T,gnomAD Genomes,NA,PASS,p.Val439Met,p.Val439Met,c.1315G>A,missense_variant,,,,1,112043,0.00000892514481047455,0,1,0,1520,0,0,0,10568,0,0,0,6114,0,0,0,685,0,0,0,3554,0,0,0,239,0,0,0,2685,0,0,0,2655,0,0,0,30786,0,0,1,53237,0,1
X,152168393,rs201798009,G,A,gnomAD Genomes,NA,PASS,p.Tyr438Tyr,p.Tyr438Tyr,c.1314C>T,synonymous_variant,,,,3,112261,0.000026723439128459572,0,1,0,1522,0,0,0,10591,0,0,0,6165,0,0,0,683,0,0,0,3557,0,0,0,239,0,0,0,2700,0,0,0,2657,0,0,0,30861,0,0,3,53286,0,1
X,152168395,rs200253695,A,G,gnomAD Genomes,NA,PASS,p.Tyr438His,p.Tyr438His,c.1312T>C,missense_variant,,,,1,112206,0.000008912179384346648,0,1,0,1523,0,0,0,10602,0,0,0,6155,0,0,0,685,0,0,0,3549,0,0,0,239,0,0,0,2688,0,0,0,2654,0,0,0,30845,0,0,1,53266,0,1
X,152168400,rs979160347,G,A,gnomAD Genomes,NA,PASS,p.Ala436Val,p.Ala436Val,c.1307C>T,missense_variant,,,,1,112217,0.00000891130577363501,0,0,0,1524,0,0,1,10587,0,0,0,6159,0,0,0,683,0,0,0,3558,0,0,0,237,0,0,0,2704,0,0,0,2651,0,0,0,30826,0,0,0,53288,0,0
X,152168412,rs923679331,G,A,gnomAD Genomes,NA,PASS,p.Ala432Val,p.Ala432Val,c.1295C>T,missense_variant,,,,2,112216,0.000017822770371426535,0,0,0,1520,0,0,0,10594,0,0,0,6162,0,0,0,682,0,0,0,3558,0,0,0,239,0,0,0,2691,0,0,0,2654,0,0,2,30840,0,0,0,53276,0,0
X,152168414,rs200762621,A,C,gnomAD Genomes,NA,PASS,p.Ile431Met,p.Ile431Met,c.1293T>G,missense_variant,,,,1,111998,0.000008928730870194111,0,0,0,1516,0,0,0,10570,0,0,0,6116,0,0,0,680,0,0,0,3551,0,0,0,238,0,0,0,2680,0,0,0,2654,0,0,0,30788,0,0,1,53205,0,0
X,152168425,rs374567584,G,C,gnomAD Genomes,NA,PASS,p.Pro428Ala,p.Pro428Ala,c.1282C>G,missense_variant,,,,1,112083,0.000008921959619210764,0,1,0,1514,0,0,0,10592,0,0,0,6136,0,0,0,685,0,0,0,3571,0,0,0,240,0,0,0,2700,0,0,0,2652,0,0,1,30789,0,1,0,53204,0,0
X,152168445,,G,A,gnomAD Genomes,NA,PASS,p.Ala421Val,p.Ala421Val,c.1262C>T,missense_variant,,,,1,112158,0.000008915993509156726,0,1,0,1515,0,0,0,10608,0,0,0,6126,0,0,0,689,0,0,0,3575,0,0,0,240,0,0,0,2686,0,0,0,2657,0,0,0,30825,0,0,1,53237,0,1
X,152168448,rs760912209,G,A,gnomAD Genomes,NA,PASS,p.Ala420Val,p.Ala420Val,c.1259C>T,missense_variant,,,,3,112180,0.000026742734890354786,0,1,0,1519,0,0,0,10618,0,0,0,6123,0,0,0,689,0,0,0,3576,0,0,0,240,0,0,0,2689,0,0,0,2656,0,0,0,30837,0,0,3,53233,0,1
X,152168449,rs202150301,C,T,gnomAD Genomes,NA,PASS,p.Ala420Thr,p.Ala420Thr,c.1258G>A,missense_variant,,,,5,111966,0.00004465641355411464,0,1,0,1518,0,0,0,10588,0,0,0,6083,0,0,0,686,0,0,0,3569,0,0,0,240,0,0,0,2679,0,0,0,2649,0,0,4,30756,0,1,1,53198,0,0
X,152168450,rs1246459377,G,A,gnomAD Genomes,NA,PASS,p.Gly419Gly,p.Gly419Gly,c.1257C>T,synonymous_variant,,,,2,112107,0.000017840099190951502,0,1,0,1520,0,0,1,10605,0,0,0,6118,0,0,0,689,0,0,0,3577,0,0,0,240,0,0,0,2686,0,0,0,2651,0,0,0,30814,0,0,1,53207,0,1
X,152168456,rs1286923177,G,A,gnomAD Genomes,NA,PASS,p.Ser417Ser,p.Ser417Ser,c.1251C>T,synonymous_variant,,,,1,112048,0.000008924746537198343,0,0,0,1520,0,0,1,10590,0,0,0,6113,0,0,0,687,0,0,0,3573,0,0,0,240,0,0,0,2682,0,0,0,2655,0,0,0,30803,0,0,0,53185,0,0
X,152168471,rs1277880086,T,A,gnomAD Genomes,NA,PASS,p.Glu412Asp,p.Glu412Asp,c.1236A>T,missense_variant,,,,1,111679,0.000008954234905398507,0,0,0,1503,0,0,0,10554,0,0,0,6069,0,0,0,684,0,0,0,3541,0,0,0,238,0,0,0,2661,0,0,0,2644,0,0,1,30682,0,0,0,53103,0,0
X,152168477,rs755344109,G,A,gnomAD Genomes,NA,PASS,p.Asp410Asp,p.Asp410Asp,c.1230C>T,synonymous_variant,,,,1,112070,0.00000892299455697332,0,0,0,1510,0,0,0,10612,0,0,0,6120,0,0,0,687,0,0,0,3550,0,0,0,239,0,0,1,2689,0,0,0,2652,0,0,0,30815,0,0,0,53196,0,0
X,152168485,rs757929750,C,A,gnomAD Genomes,NA,PASS,p.Ala408Ser,p.Ala408Ser,c.1222G>T,missense_variant,,,,1,111631,0.000008958085119724808,0,0,0,1508,0,0,0,10537,0,0,0,6041,0,0,0,678,0,0,0,3539,0,0,0,236,0,0,0,2653,0,0,0,2645,0,0,1,30675,0,0,0,53119,0,0
X,152168510,rs929637853,C,T,gnomAD Genomes,NA,PASS,p.Val399Val,p.Val399Val,c.1197G>A,synonymous_variant,,,,2,111653,0.000017912640054454425,0,1,0,1499,0,0,0,10541,0,0,0,6065,0,0,0,682,0,0,0,3532,0,0,0,238,0,0,0,2634,0,0,0,2649,0,0,0,30682,0,0,2,53131,0,1
X,152168513,rs756972982,G,A,gnomAD Genomes,NA,PASS,p.Ile398Ile,p.Ile398Ile,c.1194C>T,synonymous_variant,,,,1,111910,0.000008935751943526047,0,1,0,1505,0,0,0,10575,0,0,0,6116,0,0,0,684,0,0,1,3529,0,1,0,237,0,0,0,2660,0,0,0,2654,0,0,0,30767,0,0,0,53183,0,0
X,152168545,rs745700349,G,T,gnomAD Genomes,NA,PASS,p.Pro388Thr,p.Pro388Thr,c.1162C>A,missense_variant,,,,1,111541,0.000008965313203216754,0,0,0,1500,0,0,0,10492,0,0,0,6081,0,0,0,684,0,0,0,3524,0,0,0,236,0,0,0,2610,0,0,0,2652,0,0,0,30660,0,0,1,53102,0,0
X,152168558,rs1192517905,T,C,gnomAD Genomes,NA,PASS,p.Lys383Lys,p.Lys383Lys,c.1149A>G,synonymous_variant,,,,6,111529,0.000053797666974508873,0,1,0,1501,0,0,0,10501,0,0,0,6066,0,0,0,678,0,0,0,3522,0,0,0,237,0,0,0,2607,0,0,0,2643,0,0,6,30640,0,1,0,53134,0,0
X,152168569,rs201465927,G,A,gnomAD Genomes,NA,PASS,c.1144-6C>T,,c.1144-6C>T,splice_region_variant,,,,6,111465,0.000053828556048983984,0,1,0,1499,0,0,0,10498,0,0,0,6022,0,0,0,685,0,0,0,3525,0,0,0,239,0,0,0,2617,0,0,0,2643,0,0,1,30622,0,1,5,53115,0,0
X,152168574,rs749190609,G,A,gnomAD Genomes,NA,PASS,c.1144-11C>T,,c.1144-11C>T,intron_variant,,,,1,111565,0.000008963384574015149,0,0,0,1497,0,0,1,10514,0,0,0,6033,0,0,0,687,0,0,0,3531,0,0,0,238,0,0,0,2620,0,0,0,2645,0,0,0,30669,0,0,0,53131,0,0
X,152168579,rs1332107455,AAG,A,gnomAD Genomes,NA,PASS,c.1144-18_1144-17del,,c.1144-18_1144-17del,intron_variant,,,,1,111660,0.000008955758552749419,0,0,0,1504,0,0,0,10528,0,0,0,6066,0,0,0,687,0,0,0,3529,0,0,0,238,0,0,0,2628,0,0,0,2645,0,0,0,30703,0,0,1,53132,0,0
X,152168581,rs1395439548,G,C,gnomAD Genomes,NA,PASS,c.1144-18C>G,,c.1144-18C>G,intron_variant,,,,2,111722,0.00001790157712894506,0,0,0,1499,0,0,0,10529,0,0,0,6088,0,0,0,685,0,0,0,3527,0,0,0,238,0,0,0,2637,0,0,0,2648,0,0,0,30719,0,0,2,53152,0,0
X,152168582,rs754539141,A,AG,gnomAD Genomes,NA,PASS,c.1144-20dup,,c.1144-20dup,intron_variant,,,,1,111308,0.000008984080209868115,0,0,0,1498,0,0,0,10491,0,0,0,6029,0,0,0,686,0,0,1,3517,0,0,0,238,0,0,0,2625,0,0,0,2642,0,0,0,30577,0,0,0,53005,0,0
X,152168582,rs1402836177,A,T,gnomAD Genomes,NA,PASS,c.1144-19T>A,,c.1144-19T>A,intron_variant,,,,1,111310,0.00000898391878537418,0,0,0,1499,0,0,0,10491,0,0,0,6030,0,0,0,686,0,0,0,3517,0,0,0,238,0,0,0,2625,0,0,0,2642,0,0,0,30577,0,0,1,53005,0,0
X,152168582,rs754539141,AG,A,gnomAD Genomes,NA,PASS,c.1144-20del,,c.1144-20del,intron_variant,,,,4,111310,0.00003593567514149672,0,0,0,1499,0,0,0,10491,0,0,0,6030,0,0,0,686,0,0,1,3517,0,0,0,238,0,0,0,2625,0,0,0,2642,0,0,3,30577,0,0,0,53005,0,0
X,152168583,rs201874560,G,A,gnomAD Genomes,NA,PASS,c.1144-20C>T,,c.1144-20C>T,intron_variant,,,,6,111635,0.00005374658485242084,0,2,0,1503,0,0,5,10517,0,2,0,6072,0,0,0,686,0,0,0,3520,0,0,0,239,0,0,0,2632,0,0,0,2645,0,0,1,30706,0,0,0,53115,0,0
X,152168583,rs201874560,G,C,gnomAD Genomes,NA,PASS,c.1144-20C>G,,c.1144-20C>G,intron_variant,,,,56,111635,0.0005016347919559279,0,14,0,1503,0,0,0,10517,0,0,0,6072,0,0,0,686,0,0,0,3520,0,0,0,239,0,0,0,2632,0,0,0,2645,0,0,56,30706,0,14,0,53115,0,0
X,152168584,rs200594582,G,C,gnomAD Genomes,NA,PASS,c.1144-21C>G,,c.1144-21C>G,intron_variant,,,,99,111779,0.0008856762003596382,0,21,4,1503,0,0,2,10551,0,0,0,6102,0,0,0,688,0,0,0,3525,0,0,0,239,0,0,1,2647,0,1,0,2646,0,0,91,30713,0,20,1,53165,0,0
X,152168584,rs200594582,G,A,gnomAD Genomes,NA,PASS,c.1144-21C>T,,c.1144-21C>T,intron_variant,,,,8,111779,0.00007156979396845562,0,5,0,1503,0,0,0,10551,0,0,0,6102,0,0,0,688,0,0,0,3525,0,0,0,239,0,0,8,2647,0,5,0,2646,0,0,0,30713,0,0,0,53165,0,0
X,152168584,rs200594582,G,T,gnomAD Genomes,NA,PASS,c.1144-21C>A,,c.1144-21C>A,intron_variant,,,,2,111779,0.000017892448492113904,0,1,0,1503,0,0,0,10551,0,0,0,6102,0,0,0,688,0,0,0,3525,0,0,0,239,0,0,0,2647,0,0,0,2646,0,0,1,30713,0,0,1,53165,0,1
X,152168585,rs750406413,G,C,gnomAD Genomes,NA,PASS,c.1144-22C>G,,c.1144-22C>G,intron_variant,,,,3,111816,0.000026829791800815625,0,0,0,1503,0,0,1,10545,0,0,0,6114,0,0,0,687,0,0,0,3528,0,0,0,239,0,0,0,2645,0,0,0,2647,0,0,0,30757,0,0,2,53151,0,0
X,152168585,rs750406413,G,T,gnomAD Genomes,NA,PASS,c.1144-22C>A,,c.1144-22C>A,intron_variant,,,,1,111814,0.00000894342390040603,0,1,0,1503,0,0,0,10543,0,0,0,6114,0,0,0,687,0,0,0,3528,0,0,0,239,0,0,0,2645,0,0,0,2647,0,0,1,30757,0,1,0,53151,0,0
X,152168585,rs750406413,G,A,gnomAD Genomes,NA,PASS,c.1144-22C>T,,c.1144-22C>T,intron_variant,,,,4,111816,0.000035773055734420833,0,0,0,1503,0,0,2,10545,0,0,0,6114,0,0,0,687,0,0,0,3528,0,0,0,239,0,0,0,2645,0,0,0,2647,0,0,1,30757,0,0,1,53151,0,0
X,152168587,,G,A,gnomAD Genomes,NA,PASS,c.1144-24C>T,,c.1144-24C>T,intron_variant,,,,1,111691,0.000008953272868897225,0,0,0,1494,0,0,0,10531,0,0,0,6073,0,0,0,687,0,0,0,3528,0,0,0,235,0,0,0,2646,0,0,0,2644,0,0,0,30701,0,0,1,53152,0,0
X,152168597,rs780749556,G,A,gnomAD Genomes,NA,PASS,c.1144-34C>T,,c.1144-34C>T,intron_variant,,,,1,111736,0.000008949667072384908,0,0,0,1506,0,0,0,10541,0,0,0,6051,0,0,0,683,0,0,0,3535,0,0,0,238,0,0,0,2663,0,0,0,2648,0,0,0,30717,0,0,1,53154,0,0
X,152168597,rs780749556,G,T,gnomAD Genomes,NA,PASS,c.1144-34C>A,,c.1144-34C>A,intron_variant,,,,5,111736,0.000044748335361924536,0,1,0,1506,0,0,0,10541,0,0,0,6051,0,0,0,683,0,0,0,3535,0,0,0,238,0,0,0,2663,0,0,0,2648,0,0,5,30717,0,1,0,53154,0,0
X,152168608,rs750052585,A,G,gnomAD Genomes,NA,PASS,c.1144-45T>C,,c.1144-45T>C,intron_variant,,,,1,112059,0.000008923870461096387,0,1,0,1516,0,0,0,10588,0,0,0,6171,0,0,0,685,0,0,0,3544,0,0,0,239,0,0,0,2658,0,0,0,2645,0,0,1,30794,0,1,0,53219,0,0
X,152168620,rs145701879,C,A,gnomAD Genomes,NA,PASS,c.1144-57G>T,,c.1144-57G>T,intron_variant,,,,4518,111871,0.04038580150351744,95,1241,79,1511,1,26,346,10574,1,121,199,6116,0,106,20,676,0,7,1,3553,0,0,19,236,1,6,41,2652,0,24,127,2643,1,40,279,30770,1,74,3407,53140,90,837
X,152168624,rs1204802857,A,T,gnomAD Genomes,NA,PASS,c.1144-61T>A,,c.1144-61T>A,intron_variant,,,,3,112355,0.000026701081393796448,0,2,0,1525,0,0,0,10640,0,0,0,6204,0,0,0,683,0,0,0,3571,0,0,0,237,0,0,0,2677,0,0,0,2658,0,0,0,30893,0,0,3,53267,0,2
X,152168627,rs1027686765,C,T,gnomAD Genomes,NA,PASS,c.1144-64G>A,,c.1144-64G>A,intron_variant,,,,2,112116,0.000017838667094794678,0,0,0,1524,0,0,0,10615,0,0,0,6121,0,0,0,684,0,0,0,3561,0,0,0,238,0,0,0,2665,0,0,0,2653,0,0,2,30795,0,0,0,53260,0,0
X,152168628,,A,G,gnomAD Genomes,NA,PASS,c.1144-65T>C,,c.1144-65T>C,intron_variant,,,,1,112395,0.000008897192935628809,0,1,0,1526,0,0,0,10635,0,0,0,6188,0,0,0,684,0,0,0,3570,0,0,0,238,0,0,0,2678,0,0,0,2658,0,0,0,30906,0,0,1,53312,0,1
X,152168633,rs886510768,A,G,gnomAD Genomes,NA,PASS,c.1144-70T>C,,c.1144-70T>C,intron_variant,,,,9,112135,0.00008026040041021983,0,3,0,1521,0,0,0,10619,0,0,0,6148,0,0,0,679,0,0,0,3554,0,0,0,237,0,0,0,2659,0,0,9,2649,0,3,0,30821,0,0,0,53248,0,0
X,152168634,rs1368868527,C,A,gnomAD Genomes,NA,PASS,c.1144-71G>T,,c.1144-71G>T,intron_variant,,,,1,112105,0.00000892020873288435,0,0,0,1516,0,0,0,10626,0,0,0,6129,0,0,0,683,0,0,0,3556,0,0,0,238,0,0,0,2658,0,0,0,2645,0,0,1,30805,0,0,0,53249,0,0
X,152189676,,C,G,gnomAD Genomes,NA,PASS,c.1143+54G>C,,c.1143+54G>C,intron_variant,,,,1,110336,0.00000906322505800464,0,1,0,1464,0,0,0,10369,0,0,0,6033,0,0,0,682,0,0,0,3494,0,0,0,237,0,0,0,2466,0,0,0,2625,0,0,1,30228,0,1,0,52738,0,0
X,152189684,,A,G,gnomAD Genomes,NA,PASS,c.1143+46T>C,,c.1143+46T>C,intron_variant,,,,1,108070,0.000009253261774775609,0,0,0,1412,0,0,1,10142,0,0,0,5744,0,0,0,672,0,0,0,3393,0,0,0,224,0,0,0,2398,0,0,0,2584,0,0,0,29494,0,0,0,52007,0,0
X,152189688,,C,T,gnomAD Genomes,NA,PASS,c.1143+42G>A,,c.1143+42G>A,intron_variant,,,,1,110728,0.000009031139368542735,0,1,0,1475,0,0,0,10416,0,0,0,6055,0,0,0,683,0,0,0,3505,0,0,0,238,0,0,0,2504,0,0,0,2633,0,0,1,30358,0,1,0,52861,0,0
X,152189692,rs1476629735,C,T,gnomAD Genomes,NA,PASS,c.1143+38G>A,,c.1143+38G>A,intron_variant,,,,1,110700,0.000009033423667570008,0,0,0,1482,0,0,0,10419,0,0,0,6048,0,0,0,684,0,0,0,3513,0,0,0,236,0,0,0,2506,0,0,0,2629,0,0,0,30353,0,0,1,52830,0,0
X,152189693,rs201617472,G,A,gnomAD Genomes,NA,PASS,c.1143+37C>T,,c.1143+37C>T,intron_variant,,,,4,110666,0.00003614479605298827,0,0,0,1480,0,0,0,10414,0,0,0,6020,0,0,0,684,0,0,0,3514,0,0,0,237,0,0,1,2508,0,0,0,2629,0,0,0,30328,0,0,3,52852,0,0
X,152189710,rs113438348,T,C,gnomAD Genomes,NA,PASS,c.1143+20A>G,,c.1143+20A>G,intron_variant,,,,191,110487,0.001728710164996787,0,56,2,1476,0,0,3,10404,0,1,0,5998,0,0,0,682,0,0,0,3494,0,0,0,237,0,0,0,2506,0,0,0,2629,0,0,181,30283,0,53,5,52778,0,2
X,152189714,rs374488818,T,C,gnomAD Genomes,NA,PASS,c.1143+16A>G,,c.1143+16A>G,intron_variant,,,,2,110534,0.000018093980132809815,0,1,0,1471,0,0,0,10371,0,0,0,6045,0,0,0,684,0,0,0,3515,0,0,0,237,0,0,0,2481,0,0,0,2633,0,0,0,30307,0,0,2,52790,0,1
X,152189716,rs1201346436,T,C,gnomAD Genomes,NA,PASS,c.1143+14A>G,,c.1143+14A>G,intron_variant,,,,1,110659,0.000009036770619651361,0,0,0,1478,0,0,0,10405,0,0,0,6042,0,0,0,685,0,0,0,3512,0,0,0,238,0,0,0,2491,0,0,0,2636,0,0,0,30333,0,0,1,52839,0,0
X,152189720,rs747122819,T,C,gnomAD Genomes,NA,PASS,c.1143+10A>G,,c.1143+10A>G,intron_variant,,,,4,110927,0.00003605975100741929,0,0,0,1475,0,0,0,10429,0,0,0,6047,0,0,0,687,0,0,0,3535,0,0,0,238,0,0,0,2536,0,0,0,2641,0,0,0,30416,0,0,4,52923,0,0
X,152189723,rs140051848,A,G,gnomAD Genomes,NA,PASS,c.1143+7T>C,,c.1143+7T>C,splice_region_variant,Benign,713930,,554,110464,0.0050152085747392815,2,176,8,1465,0,3,20,10390,0,4,136,5966,1,81,0,680,0,0,0,3494,0,0,1,237,0,0,6,2513,0,5,0,2632,0,0,20,30295,0,7,363,52792,1,76
X,152189740,rs200749137,A,G,gnomAD Genomes,NA,PASS,p.Leu378Pro,p.Leu378Pro,c.1133T>C,missense_variant,,,,1,110810,0.00000902445627650934,0,0,0,1475,0,0,0,10437,0,0,0,5991,0,0,0,682,0,0,0,3525,0,0,0,239,0,0,0,2552,0,0,0,2641,0,0,0,30388,0,0,1,52880,0,0
X,152189743,rs201590015,G,A,gnomAD Genomes,NA,PASS,p.Ala377Val,p.Ala377Val,c.1130C>T,missense_variant,,,,4,111110,0.00003600036000360004,0,2,0,1476,0,0,0,10451,0,0,0,6035,0,0,0,686,0,0,1,3535,0,1,0,239,0,0,0,2563,0,0,0,2644,0,0,0,30471,0,0,3,53010,0,1
X,152189753,rs1406944252,C,T,gnomAD Genomes,NA,PASS,p.Val374Met,p.Val374Met,c.1120G>A,missense_variant,,,,1,111265,0.000008987552240147395,0,1,0,1476,0,0,0,10475,0,0,0,6057,0,0,0,688,0,0,0,3543,0,0,0,239,0,0,0,2564,0,0,0,2647,0,0,1,30515,0,1,0,53061,0,0
X,152189754,,C,T,gnomAD Genomes,NA,PASS,p.Lys373Lys,p.Lys373Lys,c.1119G>A,synonymous_variant,,,,1,111329,0.000008982385541952232,0,1,0,1481,0,0,0,10473,0,0,0,6068,0,0,0,687,0,0,0,3547,0,0,1,239,0,1,0,2567,0,0,0,2647,0,0,0,30534,0,0,0,53086,0,0
X,152189761,rs201199669,C,A,gnomAD Genomes,NA,PASS,p.Gly371Val,p.Gly371Val,c.1112G>T,missense_variant,,,,2,111313,0.000017967353319019342,0,0,0,1480,0,0,0,10487,0,0,0,6058,0,0,0,689,0,0,0,3543,0,0,0,238,0,0,0,2572,0,0,0,2642,0,0,0,30541,0,0,2,53063,0,0
X,152189773,,C,T,gnomAD Genomes,NA,PASS,p.Trp367Ter,p.Trp367Ter,c.1100G>A,stop_gained,,,,1,111247,0.000008989006445117621,0,1,0,1488,0,0,0,10450,0,0,0,6030,0,0,0,688,0,0,0,3533,0,0,0,239,0,0,0,2580,0,0,0,2637,0,0,1,30541,0,1,0,53061,0,0
X,152189793,,G,A,gnomAD Genomes,NA,PASS,p.Asn360Asn,p.Asn360Asn,c.1080C>T,synonymous_variant,,,,1,111104,0.00000900057603686636,0,1,0,1489,0,0,0,10426,0,0,0,6011,0,0,0,684,0,0,0,3520,0,0,0,238,0,0,0,2557,0,0,0,2633,0,0,0,30500,0,0,1,53046,0,1
X,152189813,rs1603203883,T,A,gnomAD Genomes,NA,PASS,p.Ile354Phe,p.Ile354Phe,c.1060A>T,missense_variant,,,,1,110710,0.000009032607713846987,0,0,0,1485,0,0,0,10390,0,0,0,5939,0,0,0,682,0,0,1,3497,0,0,0,236,0,0,0,2537,0,0,0,2638,0,0,0,30385,0,0,0,52921,0,0
X,152189820,rs752032476,A,G,gnomAD Genomes,NA,PASS,p.Ser351Ser,p.Ser351Ser,c.1053T>C,synonymous_variant,Benign,759361,,5,111184,0.00004497049935242481,0,0,0,1491,0,0,3,10450,0,0,0,6026,0,0,0,680,0,0,2,3515,0,0,0,236,0,0,0,2560,0,0,0,2638,0,0,0,30522,0,0,0,53066,0,0
X,152189833,rs757021133,G,T,gnomAD Genomes,NA,PASS,p.Ala347Asp,p.Ala347Asp,c.1040C>A,missense_variant,,,,1,110923,0.0000090152628399881,0,1,0,1489,0,0,0,10401,0,0,0,5976,0,0,0,680,0,0,0,3523,0,0,0,235,0,0,1,2531,0,1,0,2637,0,0,0,30451,0,0,0,53000,0,0
X,152189843,rs139179813,C,T,gnomAD Genomes,NA,PASS,p.Val344Ile,p.Val344Ile,c.1030G>A,missense_variant,,,,5,111004,0.000045043421858671756,0,2,0,1488,0,0,0,10413,0,0,0,5957,0,0,0,680,0,0,0,3497,0,0,0,237,0,0,0,2552,0,0,0,2634,0,0,0,30506,0,0,5,53040,0,2
X,152189844,rs941267146,G,A,gnomAD Genomes,NA,PASS,p.Ala343Ala,p.Ala343Ala,c.1029C>T,synonymous_variant,,,,2,110901,0.000018034102487804437,0,1,0,1489,0,0,1,10409,0,1,0,5957,0,0,0,683,0,0,0,3498,0,0,0,236,0,0,0,2534,0,0,0,2639,0,0,0,30457,0,0,1,52999,0,0
X,152189865,rs200711028,C,T,gnomAD Genomes,NA,PASS,p.Thr336Thr,p.Thr336Thr,c.1008G>A,synonymous_variant,Likely benign,726234,,4,110538,0.00003618665074454034,0,1,0,1490,0,0,1,10353,0,0,0,5908,0,0,0,681,0,0,0,3493,0,0,0,236,0,0,0,2516,0,0,0,2632,0,0,0,30341,0,0,3,52888,0,1
X,152189868,rs1298599586,C,T,gnomAD Genomes,NA,PASS,p.Ala335Ala,p.Ala335Ala,c.1005G>A,synonymous_variant,,,,1,110618,0.000009040120052794301,0,1,0,1486,0,0,0,10386,0,0,0,5924,0,0,0,683,0,0,0,3497,0,0,0,236,0,0,0,2505,0,0,0,2643,0,0,0,30343,0,0,1,52915,0,1
X,152189896,,C,A,gnomAD Genomes,NA,PASS,p.Arg326Ile,p.Arg326Ile,c.977G>T,missense_variant,,,,1,110751,0.000009029263844118789,0,0,0,1484,0,0,0,10382,0,0,0,5937,0,0,0,679,0,0,0,3509,0,0,0,239,0,0,0,2527,0,0,0,2631,0,0,1,30417,0,0,0,52946,0,0
X,152189898,rs1373390619,G,A,gnomAD Genomes,NA,PASS,p.Ala325Ala,p.Ala325Ala,c.975C>T,synonymous_variant,,,,1,110619,0.000009040038329762519,0,0,0,1481,0,0,0,10348,0,0,0,5949,0,0,0,680,0,0,0,3505,0,0,0,238,0,0,0,2527,0,0,0,2635,0,0,0,30357,0,0,1,52899,0,0
X,152189951,,G,A,gnomAD Genomes,NA,PASS,c.932-10C>T,,c.932-10C>T,intron_variant,,,,1,111024,0.000009007061536244416,0,1,0,1493,0,0,0,10400,0,0,0,6012,0,0,0,683,0,0,0,3531,0,0,0,238,0,0,0,2560,0,0,0,2637,0,0,1,30477,0,1,0,52993,0,0
X,152189968,rs748046661,T,C,gnomAD Genomes,NA,PASS,c.932-27A>G,,c.932-27A>G,intron_variant,,,,2,110978,0.00001802158986465786,0,1,0,1486,0,0,0,10392,0,0,0,6021,0,0,0,684,0,0,1,3540,0,0,0,236,0,0,0,2565,0,0,0,2642,0,0,0,30444,0,0,1,52968,0,1
X,152189977,rs201302576,G,A,gnomAD Genomes,NA,PASS,c.932-36C>T,,c.932-36C>T,intron_variant,,,,32,110833,0.0002887226728501439,1,8,3,1483,0,1,3,10401,0,1,0,5972,0,0,0,685,0,0,0,3532,0,0,3,238,1,0,4,2554,0,3,0,2631,0,0,0,30381,0,0,19,52956,0,3
X,152189978,rs1474564077,A,G,gnomAD Genomes,NA,PASS,c.932-37T>C,,c.932-37T>C,intron_variant,,,,1,110964,0.000009011931797700155,0,0,0,1484,0,0,0,10396,0,0,0,6006,0,0,0,684,0,0,0,3523,0,0,0,238,0,0,0,2569,0,0,0,2637,0,0,1,30430,0,0,0,52997,0,0
X,152189986,,G,C,gnomAD Genomes,NA,PASS,c.932-45C>G,,c.932-45C>G,intron_variant,,,,1,110628,0.000009039302888961204,0,0,0,1476,0,0,1,10357,0,0,0,5935,0,0,0,684,0,0,0,3525,0,0,0,235,0,0,0,2553,0,0,0,2634,0,0,0,30321,0,0,0,52908,0,0
X,152189997,rs929662900,C,T,gnomAD Genomes,NA,PASS,c.932-56G>A,,c.932-56G>A,intron_variant,,,,1,110367,0.000009060679369739143,0,1,0,1476,0,0,0,10308,0,0,0,5860,0,0,0,684,0,0,0,3506,0,0,0,234,0,0,0,2535,0,0,0,2638,0,0,1,30256,0,1,0,52870,0,0
X,152189998,rs1197031249,G,A,gnomAD Genomes,NA,PASS,c.932-57C>T,,c.932-57C>T,intron_variant,,,,3,110313,0.00002719534415708031,0,0,0,1475,0,0,0,10310,0,0,0,5840,0,0,0,688,0,0,0,3491,0,0,0,235,0,0,0,2537,0,0,0,2641,0,0,3,30251,0,0,0,52845,0,0
X,152190007,rs55633401,A,C,gnomAD Genomes,NA,PASS,c.932-66T>G,,c.932-66T>G,intron_variant,,,,449,110736,0.004054688628810865,0,134,9,1477,0,3,52,10377,0,21,24,5945,0,13,0,685,0,0,0,3492,0,0,2,234,0,1,0,2548,0,0,18,2635,0,6,16,30395,0,7,328,52948,0,83
X,152190010,rs1210092607,A,C,gnomAD Genomes,NA,PASS,c.932-69T>G,,c.932-69T>G,intron_variant,,,,3,110231,0.000027215574566138383,0,0,0,1474,0,0,0,10300,0,0,0,5867,0,0,0,685,0,0,0,3483,0,0,0,234,0,0,0,2523,0,0,0,2632,0,0,0,30217,0,0,3,52816,0,0
X,152190014,rs1280165707,T,G,gnomAD Genomes,NA,PASS,c.932-73A>C,,c.932-73A>C,intron_variant,,,,1,110364,0.00000906092566416585,0,0,0,1468,0,0,0,10324,0,0,0,5872,0,0,0,685,0,0,0,3486,0,0,0,237,0,0,0,2528,0,0,0,2635,0,0,0,30262,0,0,1,52867,0,0
X,152190016,rs1054271052,C,T,gnomAD Genomes,NA,PASS,c.932-75G>A,,c.932-75G>A,intron_variant,,,,3,110266,0.00002720693595487276,0,1,0,1469,0,0,0,10305,0,0,0,5841,0,0,0,684,0,0,0,3481,0,0,0,236,0,0,0,2529,0,0,0,2634,0,0,3,30246,0,1,0,52841,0,0
X,152197560,rs1469207145,T,C,gnomAD Genomes,NA,PASS,c.931+73A>G,,c.931+73A>G,intron_variant,,,,1,111555,0.00000896418806866568,0,0,0,1497,0,0,1,10454,0,0,0,6037,0,0,0,683,0,0,0,3548,0,0,0,239,0,0,0,2615,0,0,0,2645,0,0,0,30671,0,0,0,53166,0,0
X,152197562,,C,T,gnomAD Genomes,NA,PASS,c.931+71G>A,,c.931+71G>A,intron_variant,,,,1,111486,0.000008969736110363633,0,0,0,1499,0,0,0,10445,0,0,0,6026,0,0,0,683,0,0,0,3547,0,0,0,238,0,0,0,2615,0,0,0,2643,0,0,0,30631,0,0,1,53159,0,0
X,152197570,rs1275379095,C,G,gnomAD Genomes,NA,PASS,c.931+63G>C,,c.931+63G>C,intron_variant,,,,2,111564,0.00001792692983399663,0,0,0,1499,0,0,0,10451,0,0,0,6036,0,0,0,685,0,0,0,3546,0,0,0,240,0,0,0,2607,0,0,0,2641,0,0,0,30670,0,0,2,53189,0,0
X,152197580,rs1207394253,C,T,gnomAD Genomes,NA,PASS,c.931+53G>A,,c.931+53G>A,intron_variant,,,,8,111576,0.00007170000717000071,0,0,0,1503,0,0,1,10448,0,0,0,6022,0,0,0,686,0,0,0,3536,0,0,0,239,0,0,0,2627,0,0,0,2645,0,0,0,30676,0,0,7,53194,0,0
X,152197583,rs1431265256,T,C,gnomAD Genomes,NA,PASS,c.931+50A>G,,c.931+50A>G,intron_variant,,,,3,111559,0.000026891599960558987,0,2,0,1505,0,0,0,10458,0,0,0,6023,0,0,0,686,0,0,0,3544,0,0,0,240,0,0,0,2614,0,0,0,2643,0,0,2,30683,0,2,1,53163,0,0
X,152197594,rs200261827,G,C,gnomAD Genomes,NA,PASS,c.931+39C>G,,c.931+39C>G,intron_variant,,,,3,111494,0.000026907277521660358,0,0,0,1504,0,0,0,10453,0,0,0,6020,0,0,0,687,0,0,0,3548,0,0,0,237,0,0,0,2616,0,0,0,2630,0,0,0,30635,0,0,3,53164,0,0
X,152197600,rs745935252,A,T,gnomAD Genomes,NA,PASS,c.931+33T>A,,c.931+33T>A,intron_variant,,,,2,111394,0.000017954288381779988,0,1,0,1499,0,0,1,10445,0,0,0,5996,0,0,0,684,0,0,0,3528,0,0,0,238,0,0,0,2614,0,0,0,2634,0,0,1,30622,0,1,0,53134,0,0
X,152197602,rs371255436,T,A,gnomAD Genomes,NA,PASS,c.931+31A>T,,c.931+31A>T,intron_variant,,,,1,111564,0.000008963464916998316,0,0,0,1506,0,0,0,10468,0,0,0,6014,0,0,0,683,0,0,0,3532,0,0,0,240,0,0,1,2630,0,0,0,2640,0,0,0,30671,0,0,0,53180,0,0
X,152197611,rs201250637,C,T,gnomAD Genomes,NA,PASS,c.931+22G>A,,c.931+22G>A,intron_variant,,,,5,111511,0.00004483862578579692,0,1,0,1495,0,0,0,10472,0,0,0,5981,0,0,0,679,0,0,0,3546,0,0,0,236,0,0,0,2647,0,0,0,2643,0,0,0,30617,0,0,5,53195,0,1
X,152197611,rs201250637,C,A,gnomAD Genomes,NA,PASS,c.931+22G>T,,c.931+22G>T,intron_variant,,,,2,111511,0.000017935450314318766,0,0,1,1495,0,0,0,10472,0,0,0,5981,0,0,0,679,0,0,0,3546,0,0,0,236,0,0,0,2647,0,0,0,2643,0,0,1,30617,0,0,0,53195,0,0
X,152197624,rs747531045,A,G,gnomAD Genomes,NA,PASS,c.931+9T>C,,c.931+9T>C,intron_variant,,,,2,111467,0.00001794253007616604,0,0,0,1507,0,0,0,10462,0,0,0,5985,0,0,0,682,0,0,0,3548,0,0,0,239,0,0,0,2645,0,0,0,2639,0,0,2,30614,0,0,0,53146,0,0
X,152197637,rs199793732,G,C,gnomAD Genomes,NA,PASS,p.Val309Val,p.Val309Val,c.927C>G,synonymous_variant,,,,1,111540,0.000008965393580778196,0,0,0,1507,0,0,0,10483,0,0,0,6020,0,0,0,682,0,0,0,3553,0,0,0,238,0,0,0,2640,0,0,0,2644,0,0,1,30631,0,0,0,53142,0,0
X,152197676,rs774861885,C,T,gnomAD Genomes,NA,PASS,p.Ser296Ser,p.Ser296Ser,c.888G>A,synonymous_variant,,,,2,111902,0.000017872781540991223,0,1,0,1503,0,0,0,10567,0,0,0,6082,0,0,0,682,0,0,0,3559,0,0,0,236,0,0,0,2669,0,0,0,2651,0,0,1,30749,0,1,1,53204,0,0
X,152197697,rs1179308833,A,G,gnomAD Genomes,NA,PASS,p.Thr289Thr,p.Thr289Thr,c.867T>C,synonymous_variant,,,,1,112239,0.000008909559065921828,0,0,0,1510,0,0,0,10595,0,0,0,6152,0,0,0,685,0,0,1,3572,0,0,0,235,0,0,0,2692,0,0,0,2645,0,0,0,30861,0,0,0,53292,0,0
X,152197727,rs906234395,C,G,gnomAD Genomes,NA,PASS,p.Val279Val,p.Val279Val,c.837G>C,synonymous_variant,,,,1,112109,0.000008919890463745106,0,0,0,1513,0,0,0,10574,0,0,0,6097,0,0,0,683,0,0,0,3561,0,0,0,237,0,0,0,2695,0,0,0,2649,0,0,0,30827,0,0,1,53273,0,0
X,152197789,rs747833880,AAG,A,gnomAD Genomes,NA,PASS,c.779-6_779-5del,,c.779-6_779-5del,splice_region_variant,Likely benign,517942,,4,111953,0.00003572927925111431,0,2,0,1508,0,0,0,10520,0,0,0,6134,0,0,0,687,0,0,0,3542,0,0,0,237,0,0,0,2675,0,0,0,2651,0,0,2,30776,0,1,2,53223,0,1
X,152197792,rs1220876342,A,G,gnomAD Genomes,NA,PASS,c.779-7T>C,,c.779-7T>C,splice_region_variant,,,,1,112104,0.000008920288303717977,0,0,0,1507,0,0,0,10554,0,0,0,6139,0,0,0,689,0,0,0,3551,0,0,0,238,0,0,0,2697,0,0,0,2654,0,0,0,30816,0,0,1,53259,0,0
X,152197804,rs184935535,T,A,gnomAD Genomes,NA,PASS,c.779-19A>T,,c.779-19A>T,intron_variant,,,,25,111906,0.00022340178363984057,0,6,1,1501,0,0,1,10531,0,1,0,6096,0,0,0,688,0,0,0,3556,0,0,0,238,0,0,0,2680,0,0,0,2646,0,0,23,30749,0,5,0,53221,0,0
X,152197814,rs777560852,G,A,gnomAD Genomes,NA,PASS,c.779-29C>T,,c.779-29C>T,intron_variant,,,,1,111977,0.000008930405351098886,0,0,0,1502,0,0,1,10559,0,0,0,6083,0,0,0,688,0,0,0,3556,0,0,0,238,0,0,0,2669,0,0,0,2650,0,0,0,30782,0,0,0,53250,0,0
X,152197819,rs372499432,T,C,gnomAD Genomes,NA,PASS,c.779-34A>G,,c.779-34A>G,intron_variant,,,,4,112033,0.00003570376585470353,0,2,1,1505,0,0,1,10552,0,1,0,6087,0,0,0,688,0,0,0,3556,0,0,0,237,0,0,0,2684,0,0,0,2653,0,0,0,30803,0,0,2,53268,0,1
X,152197822,rs201426189,A,G,gnomAD Genomes,NA,PASS,c.779-37T>C,,c.779-37T>C,intron_variant,,,,36,112162,0.00032096431946648595,0,8,0,1509,0,0,0,10576,0,0,0,6121,0,0,0,688,0,0,0,3572,0,0,1,238,0,0,0,2684,0,0,0,2655,0,0,3,30823,0,2,32,53296,0,6
X,152197827,rs199569362,C,T,gnomAD Genomes,NA,PASS,c.779-42G>A,,c.779-42G>A,intron_variant,,,,5,111945,0.00004466479074545536,0,2,0,1510,0,0,0,10553,0,0,0,6054,0,0,0,688,0,0,0,3562,0,0,0,238,0,0,0,2671,0,0,0,2651,0,0,2,30767,0,1,3,53251,0,1
X,152197832,rs372274930,C,T,gnomAD Genomes,NA,PASS,c.779-47G>A,,c.779-47G>A,intron_variant,,,,4,111769,0.00003578809866778803,0,2,0,1507,0,0,0,10521,0,0,1,6046,0,0,0,687,0,0,0,3553,0,0,0,239,0,0,0,2666,0,0,0,2649,0,0,1,30711,0,1,2,53190,0,1
X,152197833,rs748447120,T,C,gnomAD Genomes,NA,PASS,c.779-48A>G,,c.779-48A>G,intron_variant,,,,1,111952,0.000008932399599828497,0,1,0,1513,0,0,0,10554,0,0,0,6085,0,0,0,686,0,0,0,3559,0,0,0,239,0,0,0,2670,0,0,0,2657,0,0,0,30753,0,0,1,53236,0,1
X,152197836,rs746196866,A,C,gnomAD Genomes,NA,PASS,c.779-51T>G,,c.779-51T>G,intron_variant,,,,1,111923,0.000008934714044477006,0,0,0,1510,0,0,0,10550,0,0,0,6104,0,0,0,688,0,0,0,3551,0,0,0,239,0,0,0,2666,0,0,0,2651,0,0,0,30733,0,0,1,53231,0,0
X,152197841,rs868831778,G,A,gnomAD Genomes,NA,PASS,c.779-56C>T,,c.779-56C>T,intron_variant,,,,29,111714,0.0002595914567556439,0,5,0,1505,0,0,1,10516,0,0,0,6021,0,0,0,688,0,0,0,3556,0,0,0,239,0,0,0,2655,0,0,0,2647,0,0,28,30696,0,5,0,53191,0,0
X,152207927,rs1461311511,A,G,gnomAD Genomes,NA,PASS,c.778+74T>C,,c.778+74T>C,intron_variant,,,,2,112529,0.000017773196242746314,0,1,0,1520,0,0,2,10648,0,1,0,6164,0,0,0,686,0,0,0,3598,0,0,0,239,0,0,0,2711,0,0,0,2659,0,0,0,30929,0,0,0,53375,0,0
X,152207928,rs1434228719,T,C,gnomAD Genomes,NA,PASS,c.778+73A>G,,c.778+73A>G,intron_variant,,,,1,112473,0.000008891022734345131,0,0,0,1521,0,0,0,10647,0,0,0,6154,0,0,0,687,0,0,0,3597,0,0,0,239,0,0,0,2711,0,0,0,2656,0,0,0,30899,0,0,1,53362,0,0
X,152207936,rs1395764611,T,G,gnomAD Genomes,NA,PASS,c.778+65A>C,,c.778+65A>C,intron_variant,,,,3,112406,0.00002668896678113268,0,0,0,1516,0,0,0,10648,0,0,0,6147,0,0,0,688,0,0,0,3595,0,0,0,240,0,0,0,2695,0,0,0,2656,0,0,0,30872,0,0,3,53349,0,0
X,152207954,rs200593704,G,A,gnomAD Genomes,NA,PASS,c.778+47C>T,,c.778+47C>T,intron_variant,,,,2,112427,0.00001778932107056134,0,0,0,1511,0,0,0,10630,0,0,0,6149,0,0,0,687,0,0,0,3592,0,0,0,240,0,0,0,2687,0,0,0,2654,0,0,0,30899,0,0,2,53378,0,0
X,152207961,rs761021039,A,G,gnomAD Genomes,NA,PASS,c.778+40T>C,,c.778+40T>C,intron_variant,,,,3,112454,0.0000266775748305974,0,2,0,1512,0,0,0,10626,0,0,0,6168,0,0,0,687,0,0,3,3584,0,2,0,240,0,0,0,2695,0,0,0,2654,0,0,0,30903,0,0,0,53385,0,0
X,152207962,rs765755111,G,A,gnomAD Genomes,NA,PASS,c.778+39C>T,,c.778+39C>T,intron_variant,,,,1,112237,0.000008909717829236348,0,0,0,1511,0,0,0,10605,0,0,0,6124,0,0,0,687,0,0,0,3577,0,0,0,240,0,0,0,2684,0,0,0,2646,0,0,0,30852,0,0,1,53311,0,0
X,152207967,rs73619391,C,A,gnomAD Genomes,NA,PASS,c.778+34G>T,,c.778+34G>T,intron_variant,,,,2521,112040,0.022500892538379152,66,651,20,1511,0,6,69,10602,0,22,0,6084,0,0,0,686,0,0,0,3581,0,0,0,240,0,0,1,2671,0,0,0,2646,0,0,2412,30728,66,616,19,53291,0,7
X,152207980,rs764979999,T,G,gnomAD Genomes,NA,PASS,c.778+21A>C,,c.778+21A>C,intron_variant,,,,1,112259,0.000008907971743913629,0,0,0,1515,0,0,0,10614,0,0,0,6118,0,0,0,687,0,0,0,3578,0,0,0,239,0,0,0,2680,0,0,0,2655,0,0,0,30854,0,0,1,53319,0,0
X,152207988,rs1197678727,A,G,gnomAD Genomes,NA,PASS,c.778+13T>C,,c.778+13T>C,intron_variant,,,,1,112340,0.000008901548869503294,0,1,0,1508,0,0,0,10615,0,0,0,6116,0,0,0,687,0,0,0,3583,0,0,0,239,0,0,1,2701,0,1,0,2657,0,0,0,30899,0,0,0,53335,0,0
X,152207991,,A,G,gnomAD Genomes,NA,PASS,c.778+10T>C,,c.778+10T>C,intron_variant,,,,1,112357,0.000008900202034586185,0,1,0,1509,0,0,1,10623,0,1,0,6114,0,0,0,687,0,0,0,3587,0,0,0,239,0,0,0,2699,0,0,0,2659,0,0,0,30903,0,0,0,53337,0,0
X,152208001,,C,G,gnomAD Genomes,NA,PASS,p.Gly260Arg,p.Gly260Arg,c.778G>C,missense_variant,,,,1,111898,0.000008936710218234464,0,1,0,1503,0,0,0,10558,0,0,0,6008,0,0,0,686,0,0,0,3567,0,0,0,238,0,0,0,2677,0,0,0,2650,0,0,1,30794,0,1,0,53217,0,0
X,152208005,,A,G,gnomAD Genomes,NA,PASS,p.Ser258Ser,p.Ser258Ser,c.774T>C,synonymous_variant,,,,1,112266,0.000008907416314823723,0,0,0,1509,0,0,0,10586,0,0,0,6093,0,0,0,687,0,0,0,3583,0,0,0,238,0,0,0,2704,0,0,0,2653,0,0,1,30889,0,0,0,53324,0,0
X,152208013,rs186591337,G,A,gnomAD Genomes,NA,PASS,p.Arg256Trp,p.Arg256Trp,c.766C>T,missense_variant,,,,1,112083,0.000008921959619210764,0,0,0,1501,0,0,0,10589,0,0,0,6033,0,0,0,688,0,0,0,3571,0,0,0,239,0,0,0,2697,0,0,0,2651,0,0,1,30829,0,0,0,53285,0,0
X,152208025,,T,C,gnomAD Genomes,NA,PASS,p.Thr252Ala,p.Thr252Ala,c.754A>G,missense_variant,,,,1,112049,0.00000892466688680845,0,0,0,1504,0,0,1,10589,0,0,0,6060,0,0,0,685,0,0,0,3570,0,0,0,240,0,0,0,2677,0,0,0,2655,0,0,0,30792,0,0,0,53277,0,0
X,152208026,rs138267589,C,A,gnomAD Genomes,NA,PASS,p.Gly251Gly,p.Gly251Gly,c.753G>T,synonymous_variant,,,,1,111943,0.00000893311774742503,0,0,0,1495,0,0,0,10590,0,0,0,6021,0,0,0,687,0,0,0,3561,0,0,0,237,0,0,0,2674,0,0,0,2657,0,0,0,30757,0,0,1,53264,0,0
X,152208062,rs200560398,G,T,gnomAD Genomes,NA,PASS,p.Arg239Arg,p.Arg239Arg,c.717C>A,synonymous_variant,,,,3,112168,0.00002674559589187647,0,0,0,1510,0,0,0,10624,0,0,0,6060,0,0,0,686,0,0,0,3568,0,0,0,239,0,0,0,2683,0,0,0,2653,0,0,0,30816,0,0,3,53329,0,0
X,152208069,rs1260106779,C,A,gnomAD Genomes,NA,PASS,p.Gly237Val,p.Gly237Val,c.710G>T,missense_variant,,,,1,112172,0.000008914880718895982,0,1,0,1507,0,0,0,10625,0,0,0,6061,0,0,0,687,0,0,0,3576,0,0,0,239,0,0,0,2682,0,0,0,2657,0,0,0,30817,0,0,1,53321,0,1
X,152208074,rs1354293239,C,T,gnomAD Genomes,NA,PASS,p.Gln235Gln,p.Gln235Gln,c.705G>A,synonymous_variant,,,,1,112254,0.000008908368521388993,0,0,0,1517,0,0,0,10637,0,0,0,6087,0,0,0,687,0,0,0,3571,0,0,0,239,0,0,0,2688,0,0,0,2653,0,0,0,30847,0,0,1,53328,0,0
X,152208086,rs772281588,C,G,gnomAD Genomes,NA,PASS,p.Val231Val,p.Val231Val,c.693G>C,synonymous_variant,,,,4,112230,0.00003564109418159137,0,1,0,1522,0,0,0,10635,0,0,0,6091,0,0,0,685,0,0,0,3565,0,0,0,239,0,0,0,2696,0,0,0,2660,0,0,4,30842,0,1,0,53295,0,0
X,152208089,rs778363531,G,A,gnomAD Genomes,NA,PASS,p.Ser230Ser,p.Ser230Ser,c.690C>T,synonymous_variant,,,,4,112074,0.00003569070435605047,0,0,0,1511,0,0,1,10624,0,0,0,6045,0,0,0,685,0,0,0,3564,0,0,0,239,0,0,0,2687,0,0,0,2655,0,0,0,30802,0,0,3,53262,0,0
X,152208116,rs770565739,A,G,gnomAD Genomes,NA,PASS,p.Tyr221Tyr,p.Tyr221Tyr,c.663T>C,synonymous_variant,,,,1,112413,0.000008895768283027763,0,0,0,1521,0,0,0,10647,0,0,0,6145,0,0,0,687,0,0,0,3558,0,0,0,238,0,0,0,2690,0,0,0,2659,0,0,0,30936,0,0,1,53332,0,0
X,152208137,rs373415702,A,G,gnomAD Genomes,NA,PASS,p.Tyr214Tyr,p.Tyr214Tyr,c.642T>C,synonymous_variant,,,,3,112221,0.00002673296441842436,0,1,0,1521,0,0,0,10634,0,0,0,6110,0,0,0,686,0,0,0,3553,0,0,0,238,0,0,0,2685,0,0,0,2654,0,0,3,30839,0,1,0,53301,0,0
X,152208153,rs754031118,G,C,gnomAD Genomes,NA,PASS,c.635-9C>G,,c.635-9C>G,intron_variant,,,,1,112023,0.000008926738259107505,0,0,0,1516,0,0,0,10608,0,0,0,6083,0,0,0,682,0,0,0,3551,0,0,0,239,0,0,1,2652,0,0,0,2658,0,0,0,30783,0,0,0,53251,0,0
X,152208156,rs200156337,A,G,gnomAD Genomes,NA,PASS,c.635-12T>C,,c.635-12T>C,intron_variant,,,,1,111960,0.000008931761343336905,0,0,0,1515,0,0,0,10597,0,0,0,6079,0,0,0,685,0,0,0,3546,0,0,0,239,0,0,0,2656,0,0,0,2656,0,0,0,30772,0,0,1,53215,0,0
X,152208171,rs762839293,G,T,gnomAD Genomes,NA,PASS,c.635-27C>A,,c.635-27C>A,intron_variant,,,,3,111873,0.0000268161218524577,0,0,0,1523,0,0,0,10568,0,0,0,6066,0,0,0,685,0,0,0,3542,0,0,0,239,0,0,0,2661,0,0,0,2649,0,0,3,30738,0,0,0,53202,0,0
X,152208172,rs1456817578,A,G,gnomAD Genomes,NA,PASS,c.635-28T>C,,c.635-28T>C,intron_variant,,,,1,111857,0.000008939985874822318,0,0,0,1524,0,0,0,10568,0,0,0,6060,0,0,0,681,0,0,0,3541,0,0,0,239,0,0,0,2661,0,0,0,2652,0,0,1,30734,0,0,0,53197,0,0
X,152208180,rs1312272288,G,C,gnomAD Genomes,NA,PASS,c.635-36C>G,,c.635-36C>G,intron_variant,,,,1,111855,0.000008940145724375308,0,0,0,1526,0,0,0,10579,0,0,0,6038,0,0,0,682,0,0,0,3539,0,0,0,238,0,0,0,2662,0,0,0,2657,0,0,0,30734,0,0,1,53200,0,0
X,152208205,,T,C,gnomAD Genomes,NA,PASS,c.635-61A>G,,c.635-61A>G,intron_variant,,,,1,112207,0.00000891209995811313,0,0,0,1519,0,0,0,10615,0,0,0,6120,0,0,0,683,0,0,0,3543,0,0,0,238,0,0,0,2675,0,0,0,2658,0,0,1,30836,0,0,0,53320,0,0
X,152208208,rs755015690,T,A,gnomAD Genomes,NA,PASS,c.635-64A>T,,c.635-64A>T,intron_variant,,,,3,112283,0.000026718203111780057,0,1,0,1524,0,0,3,10605,0,1,0,6148,0,0,0,684,0,0,0,3556,0,0,0,238,0,0,0,2684,0,0,0,2660,0,0,0,30862,0,0,0,53322,0,0
X,152208219,rs891386729,G,A,gnomAD Genomes,NA,PASS,c.635-75C>T,,c.635-75C>T,intron_variant,,,,2,112184,0.00001782785423946374,0,0,1,1516,0,0,0,10617,0,0,0,6101,0,0,0,683,0,0,0,3549,0,0,0,240,0,0,0,2681,0,0,0,2660,0,0,0,30824,0,0,1,53313,0,0
X,152224704,rs956876939,G,C,gnomAD Genomes,NA,PASS,c.634+59C>G,,c.634+59C>G,intron_variant,,,,1,108789,0.000009192105819522195,0,0,0,1444,0,0,0,10084,0,0,0,5478,0,0,0,682,0,0,0,3446,0,0,0,233,0,0,0,2478,0,0,0,2628,0,0,0,29962,0,0,1,52354,0,0
X,152224718,rs200640005,A,T,gnomAD Genomes,NA,PASS,c.634+45T>A,,c.634+45T>A,intron_variant,,,,1,109123,0.000009163970931884204,0,1,0,1446,0,0,0,10148,0,0,0,5567,0,0,0,681,0,0,0,3459,0,0,0,232,0,0,0,2496,0,0,0,2628,0,0,0,30157,0,0,1,52309,0,1
X,152224724,rs371160159,CA,C,gnomAD Genomes,NA,PASS,c.634+38del,,c.634+38del,intron_variant,,,lcr,62,99231,0.0006248047485160887,0,19,0,1312,0,0,2,9097,0,0,9,4006,0,0,0,631,0,0,0,3219,0,0,0,205,0,0,5,2230,0,1,1,2448,0,0,38,27471,0,14,7,48612,0,4
X,152224724,rs371160159,C,CA,gnomAD Genomes,NA,PASS,c.634+38dup,,c.634+38dup,intron_variant,,,lcr,109,99343,0.001097208660902127,0,27,3,1311,0,0,11,9114,0,6,13,4041,0,6,0,631,0,0,2,3223,0,1,0,205,0,0,2,2228,0,0,0,2448,0,0,40,27480,0,7,38,48662,0,7
X,152224725,rs761589039,A,C,gnomAD Genomes,NA,PASS,c.634+38T>G,,c.634+38T>G,intron_variant,,,lcr,6,104940,0.00005717552887364208,0,3,1,1384,0,0,3,9671,0,2,0,4942,0,0,0,664,0,0,0,3376,0,0,0,218,0,0,0,2399,0,0,0,2534,0,0,1,29176,0,1,1,50576,0,0
X,152224728,,A,G,gnomAD Genomes,NA,PASS,c.634+35T>C,,c.634+35T>C,intron_variant,,,lcr,1,109747,0.00000911186638359135,0,1,0,1454,0,0,0,10250,0,0,0,5670,0,0,0,683,0,0,0,3486,0,0,0,232,0,0,0,2563,0,0,0,2626,0,0,0,30412,0,0,1,52371,0,1
X,152224729,rs753966906,A,T,gnomAD Genomes,NA,PASS,c.634+34T>A,,c.634+34T>A,intron_variant,,,lcr,2,109791,0.000018216429397673763,0,0,0,1457,0,0,2,10241,0,0,0,5667,0,0,0,681,0,0,0,3477,0,0,0,233,0,0,0,2570,0,0,0,2629,0,0,0,30448,0,0,0,52388,0,0
X,152224730,rs755017403,A,C,gnomAD Genomes,NA,PASS,c.634+33T>G,,c.634+33T>G,intron_variant,,,lcr,1,109829,0.00000910506332571543,0,0,0,1455,0,0,1,10247,0,0,0,5669,0,0,0,684,0,0,0,3485,0,0,0,232,0,0,0,2566,0,0,0,2632,0,0,0,30458,0,0,0,52401,0,0
X,152224733,rs199974504,A,T,gnomAD Genomes,NA,PASS,c.634+30T>A,,c.634+30T>A,intron_variant,,,lcr,11,109639,0.00010032926239750454,0,1,0,1449,0,0,1,10236,0,0,0,5650,0,0,0,682,0,0,0,3478,0,0,0,230,0,0,0,2556,0,0,0,2629,0,0,7,30420,0,0,3,52309,0,1
X,152224737,rs55983378,C,CAGAG,gnomAD Genomes,NA,PASS,c.634+22_634+25dup,,c.634+22_634+25dup,intron_variant,,,,1,108022,0.00000925737349799115,0,0,0,1448,0,0,0,10048,0,0,0,5168,0,0,0,679,0,0,0,3423,0,0,0,235,0,0,0,2515,0,0,0,2594,0,0,0,29909,0,0,1,52003,0,0
X,152224737,rs55983378,CAGAG,C,gnomAD Genomes,NA,PASS,c.634+22_634+25del,,c.634+22_634+25del,intron_variant,,,,25,108022,0.00023143433744977874,0,12,0,1448,0,0,1,10048,0,0,0,5168,0,0,0,679,0,0,0,3423,0,0,0,235,0,0,19,2515,0,11,1,2594,0,0,2,29909,0,1,2,52003,0,0
X,152224737,rs55983378,C,CAG,gnomAD Genomes,NA,PASS,c.634+24_634+25dup,,c.634+24_634+25dup,intron_variant,,,,2541,108003,0.02352712424654871,44,605,51,1448,1,21,162,10048,1,44,195,5164,4,89,6,679,0,2,2,3423,0,1,17,234,1,3,41,2515,0,20,28,2594,0,9,306,29905,6,61,1733,51993,31,355
X,152224737,rs55983378,CAG,C,gnomAD Genomes,NA,PASS,c.634+24_634+25del,,c.634+24_634+25del,intron_variant,,,,5,107963,0.00004631216250011578,0,0,0,1448,0,0,1,10036,0,0,2,5148,0,0,0,679,0,0,0,3422,0,0,0,235,0,0,0,2515,0,0,0,2593,0,0,0,29906,0,0,2,51981,0,0
X,152224739,rs201803209,G,C,gnomAD Genomes,NA,PASS,c.634+24C>G,,c.634+24C>G,intron_variant,,,,10,109462,0.00009135590433209698,0,4,0,1463,0,0,0,10190,0,0,0,5458,0,0,0,685,0,0,10,3466,0,4,0,234,0,0,0,2565,0,0,0,2610,0,0,0,30324,0,0,0,52467,0,0
X,152224740,rs767282161,A,C,gnomAD Genomes,NA,PASS,c.634+23T>G,,c.634+23T>G,intron_variant,,,,1,109850,0.000009103322712790168,0,1,0,1475,0,0,0,10255,0,0,0,5570,0,0,0,683,0,0,0,3470,0,0,0,233,0,0,0,2575,0,0,0,2620,0,0,1,30424,0,1,0,52545,0,0
X,152224749,,G,C,gnomAD Genomes,NA,PASS,c.634+14C>G,,c.634+14C>G,intron_variant,,,,1,110770,0.000009027715085311908,0,1,0,1491,0,0,0,10350,0,0,0,5820,0,0,0,687,0,0,0,3492,0,0,0,237,0,0,0,2624,0,0,0,2636,0,0,0,30566,0,0,1,52867,0,1
X,152224751,rs200000279,G,A,gnomAD Genomes,NA,PASS,c.634+12C>T,,c.634+12C>T,intron_variant,,,,5,110651,0.00004518711986335415,0,0,0,1480,0,0,0,10354,0,0,0,5777,0,0,0,686,0,0,0,3482,0,0,0,238,0,0,0,2622,0,0,0,2638,0,0,1,30527,0,0,4,52847,0,0
X,152224791,rs1369629470,C,A,gnomAD Genomes,NA,PASS,p.Val202Val,p.Val202Val,c.606G>T,synonymous_variant,,,,2,110851,0.000018042236876527952,0,1,0,1494,0,0,0,10414,0,0,0,5764,0,0,0,681,0,0,2,3495,0,1,0,237,0,0,0,2645,0,0,0,2646,0,0,0,30562,0,0,0,52913,0,0
X,152224852,rs745413678,G,C,gnomAD Genomes,NA,PASS,c.552-7C>G,,c.552-7C>G,splice_region_variant,,,,2,111411,0.00001795154876987012,0,2,0,1514,0,0,2,10442,0,2,0,5966,0,0,0,686,0,0,0,3506,0,0,0,238,0,0,0,2679,0,0,0,2639,0,0,0,30704,0,0,0,53037,0,0
X,152224856,rs201981543,G,A,gnomAD Genomes,NA,PASS,c.552-11C>T,,c.552-11C>T,intron_variant,,,,1,111415,0.000008975452138401471,0,1,0,1513,0,0,0,10459,0,0,0,5989,0,0,0,685,0,0,0,3507,0,0,0,236,0,0,1,2679,0,1,0,2644,0,0,0,30689,0,0,0,53014,0,0
X,152224857,,G,T,gnomAD Genomes,NA,PASS,c.552-12C>A,,c.552-12C>A,intron_variant,,,,2,111408,0.00001795203217004165,0,0,0,1510,0,0,0,10436,0,0,0,6002,0,0,0,684,0,0,0,3519,0,0,0,238,0,0,0,2676,0,0,0,2645,0,0,2,30683,0,0,0,53015,0,0
X,152224863,rs200458782,A,G,gnomAD Genomes,NA,PASS,c.552-18T>C,,c.552-18T>C,intron_variant,,,,1,111949,0.000008932638969530768,0,0,0,1521,0,0,0,10526,0,0,0,6105,0,0,0,687,0,0,0,3544,0,0,0,239,0,0,0,2695,0,0,0,2648,0,0,1,30825,0,0,0,53159,0,0
X,152224867,rs1238013250,A,G,gnomAD Genomes,NA,PASS,c.552-22T>C,,c.552-22T>C,intron_variant,,,,1,111690,0.00000895335303071,0,0,0,1517,0,0,0,10504,0,0,0,6052,0,0,0,687,0,0,0,3522,0,0,0,238,0,0,0,2673,0,0,0,2648,0,0,1,30762,0,0,0,53087,0,0
X,152224869,rs201717092,T,C,gnomAD Genomes,NA,PASS,c.552-24A>G,,c.552-24A>G,intron_variant,,,,24,110968,0.00021627856679403071,0,7,0,1505,0,0,0,10424,0,0,0,5899,0,0,0,685,0,0,0,3517,0,0,0,236,0,0,0,2635,0,0,0,2636,0,0,24,30534,0,7,0,52897,0,0
X,152224878,,G,A,gnomAD Genomes,NA,PASS,c.552-33C>T,,c.552-33C>T,intron_variant,,,,1,111555,0.00000896418806866568,0,1,0,1510,0,0,0,10492,0,0,0,6028,0,0,0,687,0,0,0,3524,0,0,0,237,0,0,1,2662,0,1,0,2642,0,0,0,30727,0,0,0,53046,0,0
X,152224879,rs144415553,C,T,gnomAD Genomes,NA,PASS,c.552-34G>A,,c.552-34G>A,intron_variant,,,,69,111448,0.0006191228196109396,0,25,0,1511,0,0,2,10479,0,0,0,6005,0,0,0,687,0,0,0,3519,0,0,0,239,0,0,0,2666,0,0,0,2640,0,0,67,30680,0,25,0,53022,0,0
X,152224896,,A,G,gnomAD Genomes,NA,PASS,c.552-51T>C,,c.552-51T>C,intron_variant,,,,1,111843,0.0000089411049417487,0,0,0,1507,0,0,0,10541,0,0,0,6076,0,0,0,682,0,0,0,3539,0,0,0,238,0,0,0,2674,0,0,0,2650,0,0,0,30806,0,0,1,53130,0,0
X,152224903,rs996146876,G,C,gnomAD Genomes,NA,PASS,c.552-58C>G,,c.552-58C>G,intron_variant,,,,3,111427,0.00002692345661284967,0,0,0,1498,0,0,0,10487,0,0,0,5997,0,0,0,682,0,0,0,3525,0,0,0,237,0,0,0,2650,0,0,0,2643,0,0,1,30705,0,0,2,53003,0,0
X,152224905,rs758821829,G,A,gnomAD Genomes,NA,PASS,c.552-60C>T,,c.552-60C>T,intron_variant,,,,1,111307,0.000008984160924290475,0,0,0,1492,0,0,0,10486,0,0,0,5978,0,0,0,682,0,0,0,3514,0,0,0,238,0,0,0,2641,0,0,0,2644,0,0,1,30632,0,0,0,53000,0,0
X,152224906,rs772419359,C,T,gnomAD Genomes,NA,PASS,c.552-61G>A,,c.552-61G>A,intron_variant,,,,31,111454,0.00027814165485312326,0,9,0,1492,0,0,2,10512,0,1,4,5991,0,3,0,678,0,0,0,3523,0,0,0,239,0,0,0,2646,0,0,0,2642,0,0,3,30692,0,1,22,53039,0,4
X,152224909,,C,T,gnomAD Genomes,NA,PASS,c.552-64G>A,,c.552-64G>A,intron_variant,,,,1,111467,0.00000897126503808302,0,0,0,1495,0,0,0,10508,0,0,0,6003,0,0,0,676,0,0,0,3518,0,0,0,237,0,0,0,2657,0,0,0,2644,0,0,1,30685,0,0,0,53044,0,0
X,152255703,rs753423404,A,C,gnomAD Genomes,NA,PASS,c.551+75T>G,,c.551+75T>G,intron_variant,,,,12,112086,0.00010706064985814464,0,6,0,1516,0,0,4,10566,0,0,0,6134,0,0,0,683,0,0,0,3557,0,0,0,238,0,0,0,2684,0,0,0,2650,0,0,0,30837,0,0,8,53221,0,6
X,152255707,,T,C,gnomAD Genomes,NA,PASS,c.551+71A>G,,c.551+71A>G,intron_variant,,,,1,112232,0.000008910114762278139,0,0,0,1514,0,0,1,10592,0,0,0,6173,0,0,0,688,0,0,0,3564,0,0,0,238,0,0,0,2691,0,0,0,2653,0,0,0,30867,0,0,0,53252,0,0
X,152255719,rs1009330245,T,C,gnomAD Genomes,NA,PASS,c.551+59A>G,,c.551+59A>G,intron_variant,,,,2,112330,0.000017804682631532092,0,0,0,1511,0,0,0,10606,0,0,0,6199,0,0,0,687,0,0,0,3571,0,0,0,237,0,0,0,2688,0,0,0,2652,0,0,1,30909,0,0,1,53270,0,0
X,152255721,,C,T,gnomAD Genomes,NA,PASS,c.551+57G>A,,c.551+57G>A,intron_variant,,,,1,112125,0.000008918617614269789,0,0,0,1510,0,0,0,10578,0,0,0,6159,0,0,0,688,0,0,0,3566,0,0,0,235,0,0,0,2678,0,0,0,2652,0,0,0,30846,0,0,1,53213,0,0
X,152255723,rs754586487,T,G,gnomAD Genomes,NA,PASS,c.551+55A>C,,c.551+55A>C,intron_variant,,,,1,112192,0.000008913291500285225,0,0,0,1509,0,0,0,10584,0,0,0,6196,0,0,0,687,0,0,1,3565,0,0,0,237,0,0,0,2687,0,0,0,2648,0,0,0,30860,0,0,0,53219,0,0
X,152255729,rs373292671,C,T,gnomAD Genomes,NA,PASS,c.551+49G>A,,c.551+49G>A,intron_variant,,,,11,112001,0.00009821340880884992,0,4,0,1503,0,0,0,10572,0,0,0,6106,0,0,0,686,0,0,0,3567,0,0,0,237,0,0,0,2674,0,0,0,2645,0,0,11,30796,0,4,0,53215,0,0
X,152255733,rs1569371380,G,A,gnomAD Genomes,NA,PASS,c.551+45C>T,,c.551+45C>T,intron_variant,,,,1,112005,0.000008928172849426365,0,0,0,1507,0,0,0,10573,0,0,0,6111,0,0,0,687,0,0,0,3567,0,0,0,237,0,0,0,2673,0,0,0,2649,0,0,0,30784,0,0,1,53217,0,0
X,152255742,rs778295495,C,T,gnomAD Genomes,NA,PASS,c.551+36G>A,,c.551+36G>A,intron_variant,,,,1,111940,0.000008933357155619082,0,1,0,1497,0,0,1,10600,0,1,0,6091,0,0,0,687,0,0,0,3546,0,0,0,235,0,0,0,2672,0,0,0,2643,0,0,0,30771,0,0,0,53198,0,0
X,152255752,rs748828078,T,C,gnomAD Genomes,NA,PASS,c.551+26A>G,,c.551+26A>G,intron_variant,,,,3,111859,0.000026819478092956312,0,1,0,1498,0,0,0,10569,0,0,0,6126,0,0,0,686,0,0,3,3532,0,1,0,236,0,0,0,2662,0,0,0,2643,0,0,0,30741,0,0,0,53166,0,0
X,152255756,rs185292944,G,C,gnomAD Genomes,NA,PASS,c.551+22C>G,,c.551+22C>G,intron_variant,,,,5,111839,0.000044707123633079696,0,2,0,1495,0,0,3,10562,0,2,0,6111,0,0,0,688,0,0,0,3527,0,0,0,236,0,0,0,2648,0,0,0,2648,0,0,2,30747,0,0,0,53177,0,0
X,152255768,rs767749265,ACT,A,gnomAD Genomes,NA,PASS,c.551+8_551+9del,,c.551+8_551+9del,splice_region_variant,,,,3,111644,0.000026871126079323564,0,1,0,1503,0,0,0,10548,0,0,0,6083,0,0,0,684,0,0,0,3530,0,0,0,237,0,0,0,2646,0,0,0,2645,0,0,0,30676,0,0,3,53092,0,1
X,152255769,rs747966228,C,T,gnomAD Genomes,NA,PASS,c.551+9G>A,,c.551+9G>A,intron_variant,,,,1,112078,0.000008922357643783794,0,0,0,1506,0,0,0,10580,0,0,0,6143,0,0,0,686,0,0,0,3544,0,0,0,237,0,0,0,2668,0,0,0,2650,0,0,1,30828,0,0,0,53236,0,0
X,152255771,rs200392545,C,T,gnomAD Genomes,NA,PASS,c.551+7G>A,,c.551+7G>A,splice_region_variant,,,,2,112048,0.000017849493074396686,0,0,1,1508,0,0,1,10579,0,0,0,6134,0,0,0,687,0,0,0,3541,0,0,0,237,0,0,0,2662,0,0,0,2646,0,0,0,30822,0,0,0,53232,0,0
X,152255775,rs201329834,G,C,gnomAD Genomes,NA,PASS,c.551+3C>G,,c.551+3C>G,splice_region_variant,,,,1,111894,0.000008937029688812626,0,0,0,1496,0,0,0,10561,0,0,0,6131,0,0,0,684,0,0,0,3537,0,0,0,235,0,0,0,2646,0,0,0,2651,0,0,0,30781,0,0,1,53172,0,0
X,152255801,rs1488599943,G,A,gnomAD Genomes,NA,PASS,p.Asn176Asn,p.Asn176Asn,c.528C>T,synonymous_variant,,,,1,111704,0.000008952230895939268,0,0,0,1505,0,0,1,10537,0,0,0,6105,0,0,0,687,0,0,0,3521,0,0,0,235,0,0,0,2636,0,0,0,2645,0,0,0,30727,0,0,0,53106,0,0
X,152255812,rs370910773,A,G,gnomAD Genomes,NA,PASS,p.Leu173Leu,p.Leu173Leu,c.517T>C,synonymous_variant,,,,1,111647,0.000008956801347102922,0,0,0,1506,0,0,0,10522,0,0,0,6108,0,0,0,688,0,0,1,3522,0,0,0,234,0,0,0,2630,0,0,0,2639,0,0,0,30688,0,0,0,53110,0,0
X,152255817,rs1457883071,A,G,gnomAD Genomes,NA,PASS,p.Leu171Pro,p.Leu171Pro,c.512T>C,missense_variant,,,,1,111383,0.00000897803075873338,0,0,0,1504,0,0,0,10503,0,0,0,6056,0,0,0,687,0,0,0,3506,0,0,0,235,0,0,0,2607,0,0,0,2640,0,0,0,30616,0,0,1,53029,0,0
X,152255840,,G,A,gnomAD Genomes,NA,PASS,p.Asn163Asn,p.Asn163Asn,c.489C>T,synonymous_variant,,,,1,111560,0.000008963786303334528,0,0,0,1505,0,0,0,10500,0,0,0,6086,0,0,0,682,0,0,0,3514,0,0,1,233,0,0,0,2609,0,0,0,2644,0,0,0,30696,0,0,0,53091,0,0
X,152255869,rs1349588151,G,A,gnomAD Genomes,NA,PASS,p.His154Tyr,p.His154Tyr,c.460C>T,missense_variant,,,,1,111537,0.000008965634722110152,0,0,0,1507,0,0,0,10499,0,0,0,6093,0,0,0,685,0,0,0,3528,0,0,0,238,0,0,0,2606,0,0,0,2640,0,0,0,30628,0,0,1,53113,0,0
X,152255882,rs771451170,C,T,gnomAD Genomes,NA,PASS,p.Pro149Pro,p.Pro149Pro,c.447G>A,synonymous_variant,,,,5,111062,0.00004501989879526751,0,2,0,1500,0,0,0,10442,0,0,0,5988,0,0,0,684,0,0,0,3511,0,0,0,238,0,0,0,2586,0,0,0,2636,0,0,2,30464,0,2,3,53013,0,0
X,152255882,rs771451170,C,A,gnomAD Genomes,NA,PASS,p.Pro149Pro,p.Pro149Pro,c.447G>T,synonymous_variant,,,,1,111063,0.000009003898688131962,0,1,0,1500,0,0,1,10442,0,1,0,5988,0,0,0,684,0,0,0,3511,0,0,0,238,0,0,0,2586,0,0,0,2636,0,0,0,30464,0,0,0,53014,0,0
X,152255933,,G,A,gnomAD Genomes,NA,PASS,p.Pro132Pro,p.Pro132Pro,c.396C>T,synonymous_variant,,,,1,111346,0.00000898101413611625,0,0,0,1501,0,0,0,10475,0,0,0,6039,0,0,0,683,0,0,0,3524,0,0,0,237,0,0,0,2626,0,0,0,2643,0,0,0,30553,0,0,1,53065,0,0
X,152255941,rs1178723086,C,T,gnomAD Genomes,NA,PASS,p.Asp130Asn,p.Asp130Asn,c.388G>A,missense_variant,,,,1,111312,0.00000898375736668104,0,0,0,1505,0,0,0,10462,0,0,0,6027,0,0,0,687,0,0,1,3522,0,0,0,236,0,0,0,2617,0,0,0,2640,0,0,0,30552,0,0,0,53064,0,0
X,152255978,rs1261686111,A,G,gnomAD Genomes,NA,PASS,p.Phe117Phe,p.Phe117Phe,c.351T>C,synonymous_variant,,,,3,109322,0.00002744186897422294,0,1,0,1484,0,0,0,10344,0,0,0,5875,0,0,0,685,0,0,0,3482,0,0,0,236,0,0,0,2537,0,0,0,2617,0,0,0,29283,0,0,3,52779,0,1
X,152256002,rs200630597,G,A,gnomAD Genomes,NA,PASS,c.331-4C>T,,c.331-4C>T,splice_region_variant,Likely benign,742959,,26,100496,0.00025871676484636206,0,8,1,1390,0,0,2,9980,0,0,0,5525,0,0,0,660,0,0,0,3307,0,0,0,219,0,0,0,2329,0,0,0,2497,0,0,1,23506,0,1,22,51083,0,7
X,152256005,rs1294438558,G,A,gnomAD Genomes,NA,PASS,c.331-7C>T,,c.331-7C>T,splice_region_variant,,,,1,100217,0.000009978346987038127,0,0,0,1391,0,0,0,9982,0,0,0,5528,0,0,0,658,0,0,0,3302,0,0,0,222,0,0,0,2324,0,0,0,2490,0,0,1,23239,0,0,0,51081,0,0
X,152256008,,A,G,gnomAD Genomes,NA,PASS,c.331-10T>C,,c.331-10T>C,intron_variant,,,,1,99298,0.000010070696287941348,0,0,0,1370,0,0,1,9979,0,0,0,5534,0,0,0,658,0,0,0,3283,0,0,0,221,0,0,0,2311,0,0,0,2482,0,0,0,22525,0,0,0,50935,0,0
X,152256016,rs60207108,G,GA,gnomAD Genomes,NA,PASS,c.331-19dup,,c.331-19dup,intron_variant,,,,21911,110407,0.19845661959839503,2419,5945,261,1506,23,74,1030,10439,54,323,698,5916,20,369,71,681,3,18,483,3501,28,144,24,234,1,13,392,2590,16,219,381,2632,19,115,12618,30028,2001,3201,5953,52880,254,1469
X,152256016,rs201149859,G,A,gnomAD Genomes,NA,PASS,c.331-18C>T,,c.331-18C>T,intron_variant,,,,1,110467,0.000009052477210388622,0,0,0,1508,0,0,0,10442,0,0,0,5918,0,0,0,681,0,0,0,3503,0,0,0,234,0,0,0,2593,0,0,0,2633,0,0,1,30054,0,0,0,52901,0,0
X,152256019,,A,T,gnomAD Genomes,NA,PASS,c.331-21T>A,,c.331-21T>A,intron_variant,,,,1,110682,0.000009034892755822988,0,0,0,1502,0,0,0,10435,0,0,0,5960,0,0,0,684,0,0,0,3526,0,0,0,237,0,0,0,2571,0,0,0,2627,0,0,0,30198,0,0,1,52942,0,0
X,152256024,rs778450840,T,A,gnomAD Genomes,NA,PASS,c.331-26A>T,,c.331-26A>T,intron_variant,,,,2,111035,0.00001801233845183951,0,1,0,1502,0,0,0,10459,0,0,0,5956,0,0,0,683,0,0,0,3525,0,0,0,234,0,0,0,2612,0,0,0,2632,0,0,0,30370,0,0,2,53062,0,1
X,152256025,rs746273645,GT,G,gnomAD Genomes,NA,PASS,c.331-28del,,c.331-28del,intron_variant,,,,1,111254,0.000008988440865047549,0,0,0,1494,0,0,0,10468,0,0,0,5971,0,0,0,684,0,0,0,3542,0,0,0,233,0,0,1,2617,0,0,0,2639,0,0,0,30494,0,0,0,53112,0,0
X,152256026,,T,C,gnomAD Genomes,NA,PASS,c.331-28A>G,,c.331-28A>G,intron_variant,,,,1,111370,0.000008979078746520608,0,0,0,1503,0,0,0,10484,0,0,0,5989,0,0,0,682,0,0,0,3542,0,0,0,236,0,0,0,2631,0,0,0,2640,0,0,0,30561,0,0,1,53102,0,0
X,152256031,rs140600276,G,A,gnomAD Genomes,NA,PASS,c.331-33C>T,,c.331-33C>T,intron_variant,,,,213,111487,0.0019105366544978338,0,52,5,1509,0,2,10,10488,0,3,0,6020,0,0,0,686,0,0,0,3547,0,0,0,236,0,0,0,2626,0,0,0,2648,0,0,198,30583,0,47,0,53144,0,0
X,152256032,rs771855940,T,C,gnomAD Genomes,NA,PASS,c.331-34A>G,,c.331-34A>G,intron_variant,,,,5,111414,0.00004487766348932809,0,1,0,1507,0,0,0,10481,0,0,0,6038,0,0,0,681,0,0,0,3540,0,0,0,235,0,0,0,2616,0,0,0,2641,0,0,4,30574,0,1,1,53101,0,0
X,152256035,rs746790546,A,G,gnomAD Genomes,NA,PASS,c.331-37T>C,,c.331-37T>C,intron_variant,,,,2,111480,0.00001794043774668102,0,1,0,1509,0,0,0,10484,0,0,0,6014,0,0,0,685,0,0,0,3547,0,0,0,236,0,0,0,2619,0,0,0,2640,0,0,0,30617,0,0,2,53129,0,1
X,152256042,rs958696320,G,A,gnomAD Genomes,NA,PASS,c.331-44C>T,,c.331-44C>T,intron_variant,,,,1,111556,0.000008964107712718276,0,0,0,1514,0,0,0,10497,0,0,0,6046,0,0,0,686,0,0,0,3543,0,0,0,236,0,0,0,2633,0,0,0,2636,0,0,0,30654,0,0,1,53111,0,0
X,152256050,rs188289055,T,C,gnomAD Genomes,NA,PASS,c.331-52A>G,,c.331-52A>G,intron_variant,,,,9,111586,0.00008065527933611743,0,2,0,1513,0,0,0,10482,0,0,0,6015,0,0,0,685,0,0,9,3546,0,2,0,237,0,0,0,2634,0,0,0,2637,0,0,0,30673,0,0,0,53164,0,0
X,152256053,rs910383401,T,C,gnomAD Genomes,NA,PASS,c.331-55A>G,,c.331-55A>G,intron_variant,,,,37,111608,0.0003315174539459537,0,8,1,1514,0,1,1,10488,0,0,0,6025,0,0,0,684,0,0,0,3545,0,0,0,237,0,0,0,2636,0,0,0,2640,0,0,35,30672,0,7,0,53167,0,0
X,152256053,rs910383401,T,G,gnomAD Genomes,NA,PASS,c.331-55A>C,,c.331-55A>C,intron_variant,,,,1,111610,0.000008959770629871875,0,0,0,1514,0,0,1,10488,0,0,0,6025,0,0,0,684,0,0,0,3545,0,0,0,237,0,0,0,2636,0,0,0,2640,0,0,0,30674,0,0,0,53167,0,0
X,152256059,rs1428260493,C,T,gnomAD Genomes,NA,PASS,c.331-61G>A,,c.331-61G>A,intron_variant,,,,1,111388,0.000008977627751642906,0,0,0,1510,0,0,0,10475,0,0,0,6004,0,0,0,684,0,0,0,3556,0,0,0,237,0,0,0,2620,0,0,0,2639,0,0,0,30610,0,0,1,53053,0,0
X,152256068,rs776206975,A,G,gnomAD Genomes,NA,PASS,c.331-70T>C,,c.331-70T>C,intron_variant,,,,4,111810,0.00003577497540470441,0,1,0,1514,0,0,1,10519,0,1,0,6077,0,0,0,687,0,0,0,3566,0,0,0,238,0,0,0,2650,0,0,0,2649,0,0,1,30733,0,0,2,53177,0,0
X,152284600,,G,A,gnomAD Genomes,NA,PASS,c.330+68C>T,,c.330+68C>T,intron_variant,,,,1,111349,0.000008980772166790901,0,0,0,1508,0,0,0,10414,0,0,0,6086,0,0,0,684,0,0,0,3522,0,0,0,239,0,0,0,2643,0,0,0,2640,0,0,0,30613,0,0,1,53000,0,0
X,152284611,,A,G,gnomAD Genomes,NA,PASS,c.330+57T>C,,c.330+57T>C,intron_variant,,,,1,111328,0.00000898246622592699,0,1,0,1504,0,0,0,10397,0,0,0,6053,0,0,0,684,0,0,0,3519,0,0,0,239,0,0,0,2648,0,0,0,2641,0,0,0,30624,0,0,1,53019,0,1
X,152284620,rs1258312193,C,A,gnomAD Genomes,NA,PASS,c.330+48G>T,,c.330+48G>T,intron_variant,,,,1,111540,0.000008965393580778196,0,0,0,1511,0,0,0,10415,0,0,0,6079,0,0,0,682,0,0,0,3538,0,0,0,235,0,0,0,2663,0,0,1,2638,0,0,0,30686,0,0,0,53093,0,0
X,152284647,rs374785528,T,C,gnomAD Genomes,NA,PASS,c.330+21A>G,,c.330+21A>G,intron_variant,,,,1,111625,0.000008958566629339306,0,0,0,1514,0,0,0,10410,0,0,0,6086,0,0,0,685,0,0,0,3549,0,0,0,238,0,0,0,2678,0,0,0,2644,0,0,0,30705,0,0,1,53116,0,0
X,152284660,rs202044719,G,T,gnomAD Genomes,NA,PASS,c.330+8C>A,,c.330+8C>A,splice_region_variant,,,,1,111573,0.00000896274188199654,0,0,0,1511,0,0,0,10427,0,0,0,6061,0,0,0,687,0,0,0,3544,0,0,0,238,0,0,0,2675,0,0,0,2641,0,0,0,30688,0,0,1,53101,0,0
X,152284660,rs202044719,G,A,gnomAD Genomes,NA,PASS,c.330+8C>T,,c.330+8C>T,splice_region_variant,Likely benign,736626,,2,111573,0.00001792548376399308,0,0,0,1511,0,0,2,10427,0,0,0,6061,0,0,0,687,0,0,0,3544,0,0,0,238,0,0,0,2675,0,0,0,2641,0,0,0,30688,0,0,0,53101,0,0
X,152284664,rs185158442,T,C,gnomAD Genomes,NA,PASS,c.330+4A>G,,c.330+4A>G,splice_region_variant,,,,1,111706,0.000008952070613933002,0,0,0,1508,0,0,0,10421,0,0,0,6123,0,0,0,684,0,0,1,3549,0,0,0,238,0,0,0,2679,0,0,0,2642,0,0,0,30725,0,0,0,53137,0,0
X,152284665,rs1396135307,T,C,gnomAD Genomes,NA,PASS,c.330+3A>G,,c.330+3A>G,splice_region_variant,,,,1,111648,0.000008956721123531098,0,0,0,1510,0,0,0,10412,0,0,0,6102,0,0,0,683,0,0,0,3543,0,0,0,238,0,0,0,2674,0,0,0,2642,0,0,1,30712,0,0,0,53132,0,0
X,152284687,,G,A,gnomAD Genomes,NA,PASS,p.Pro104Leu,p.Pro104Leu,c.311C>T,missense_variant,,,,1,111601,0.000008960493185544933,0,0,0,1506,0,0,0,10432,0,0,0,6078,0,0,0,685,0,0,1,3529,0,0,0,239,0,0,0,2675,0,0,0,2648,0,0,0,30664,0,0,0,53145,0,0
X,152284689,rs1306079470,G,A,gnomAD Genomes,NA,PASS,p.Gly103Gly,p.Gly103Gly,c.309C>T,synonymous_variant,,,,1,111451,0.000008972552960493849,0,0,0,1502,0,0,0,10421,0,0,0,6063,0,0,0,684,0,0,0,3533,0,0,0,236,0,0,0,2665,0,0,0,2650,0,0,0,30606,0,0,1,53091,0,0
X,152284704,rs368073474,G,A,gnomAD Genomes,NA,PASS,p.Tyr98Tyr,p.Tyr98Tyr,c.294C>T,synonymous_variant,,,,9,111769,0.00008052322200252306,0,2,0,1508,0,0,0,10445,0,0,0,6092,0,0,0,684,0,0,1,3528,0,0,0,239,0,0,0,2695,0,0,0,2649,0,0,3,30714,0,1,5,53215,0,1
X,152284708,rs149642420,A,G,gnomAD Genomes,NA,PASS,p.Ile97Thr,p.Ile97Thr,c.290T>C,missense_variant,,,,1,111882,0.000008937988237607479,0,0,0,1510,0,0,0,10463,0,0,0,6105,0,0,0,685,0,0,0,3541,0,0,0,238,0,0,0,2698,0,0,0,2645,0,0,0,30771,0,0,1,53226,0,0
X,152284710,rs766825310,G,A,gnomAD Genomes,NA,PASS,p.Asp96Asp,p.Asp96Asp,c.288C>T,synonymous_variant,,,,2,111734,0.000017899654536667443,0,0,0,1511,0,0,0,10451,0,0,0,6076,0,0,0,684,0,0,0,3537,0,0,0,239,0,0,0,2694,0,0,0,2641,0,0,1,30719,0,0,1,53182,0,0
X,152284722,rs754321433,T,C,gnomAD Genomes,NA,PASS,p.Glu92Glu,p.Glu92Glu,c.276A>G,synonymous_variant,,,,2,111877,0.000017876775387255647,0,1,0,1516,0,0,2,10462,0,1,0,6106,0,0,0,683,0,0,0,3548,0,0,0,239,0,0,0,2704,0,0,0,2650,0,0,0,30776,0,0,0,53193,0,0
X,152284725,rs754458936,A,G,gnomAD Genomes,NA,PASS,p.Thr91Thr,p.Thr91Thr,c.273T>C,synonymous_variant,,,,3,111854,0.000026820676953886316,0,2,0,1514,0,0,3,10477,0,2,0,6097,0,0,0,682,0,0,0,3536,0,0,0,238,0,0,0,2701,0,0,0,2652,0,0,0,30750,0,0,0,53207,0,0
X,152284732,rs1186870899,G,A,gnomAD Genomes,NA,PASS,p.Ala89Val,p.Ala89Val,c.266C>T,missense_variant,,,,1,111730,0.000008950147677436678,0,0,0,1502,0,0,0,10448,0,0,0,6085,0,0,0,683,0,0,0,3540,0,0,0,237,0,0,0,2698,0,0,0,2653,0,0,0,30696,0,0,1,53188,0,0
X,152284739,rs758101439,C,T,gnomAD Genomes,NA,PASS,c.263-4G>A,,c.263-4G>A,splice_region_variant,,,,1,111451,0.000008972552960493849,0,0,0,1502,0,0,1,10420,0,0,0,6050,0,0,0,683,0,0,0,3527,0,0,0,234,0,0,0,2672,0,0,0,2651,0,0,0,30606,0,0,0,53106,0,0
X,152284740,rs190259083,G,A,gnomAD Genomes,NA,PASS,c.263-5C>T,,c.263-5C>T,splice_region_variant,,,,40,111636,0.0003583073560500197,0,7,0,1508,0,0,1,10435,0,1,0,6085,0,0,0,684,0,0,0,3530,0,0,0,237,0,0,0,2692,0,0,0,2656,0,0,37,30659,0,6,2,53150,0,0
X,152284764,rs1483050486,T,C,gnomAD Genomes,NA,PASS,c.263-29A>G,,c.263-29A>G,intron_variant,,,,1,111546,0.000008964911337026877,0,0,0,1509,0,0,0,10453,0,0,0,6081,0,0,0,685,0,0,0,3506,0,0,0,235,0,0,0,2673,0,0,0,2644,0,0,0,30646,0,0,1,53114,0,0
X,152284775,rs746849925,G,C,gnomAD Genomes,NA,PASS,c.263-40C>G,,c.263-40C>G,intron_variant,,,,1,111490,0.00000896941429724639,0,0,0,1503,0,0,0,10457,0,0,0,6049,0,0,0,684,0,0,0,3512,0,0,0,236,0,0,0,2665,0,0,0,2653,0,0,0,30660,0,0,1,53071,0,0
X,152284779,rs1207744119,T,C,gnomAD Genomes,NA,PASS,c.263-44A>G,,c.263-44A>G,intron_variant,,,,1,111561,0.000008963705954589866,0,0,0,1507,0,0,0,10455,0,0,0,6065,0,0,0,684,0,0,0,3507,0,0,0,236,0,0,0,2656,0,0,0,2652,0,0,1,30685,0,0,0,53114,0,0
X,152284781,rs1353768994,G,C,gnomAD Genomes,NA,PASS,c.263-46C>G,,c.263-46C>G,intron_variant,,,,1,111625,0.000008958566629339306,0,0,0,1515,0,0,1,10462,0,0,0,6062,0,0,0,686,0,0,0,3511,0,0,0,235,0,0,0,2667,0,0,0,2654,0,0,0,30700,0,0,0,53133,0,0
X,152284790,rs1396775101,C,G,gnomAD Genomes,NA,PASS,c.263-55G>C,,c.263-55G>C,intron_variant,,,,1,111481,0.000008970138409235655,0,0,0,1506,0,0,0,10441,0,0,0,6041,0,0,0,683,0,0,0,3514,0,0,0,234,0,0,0,2661,0,0,0,2648,0,0,0,30640,0,0,1,53113,0,0
X,152284794,rs1264511985,G,A,gnomAD Genomes,NA,PASS,c.263-59C>T,,c.263-59C>T,intron_variant,,,,1,111611,0.000008959690353101397,0,0,0,1508,0,0,0,10445,0,0,0,6063,0,0,0,685,0,0,1,3509,0,0,0,234,0,0,0,2675,0,0,0,2652,0,0,0,30709,0,0,0,53131,0,0
X,152284796,rs770384968,G,A,gnomAD Genomes,NA,PASS,c.263-61C>T,,c.263-61C>T,intron_variant,,,,19,111558,0.00017031499309776081,0,5,0,1506,0,0,3,10443,0,1,0,6056,0,0,0,680,0,0,0,3519,0,0,0,236,0,0,0,2670,0,0,0,2649,0,0,0,30678,0,0,16,53121,0,4
X,152345506,rs1395273456,C,T,gnomAD Genomes,NA,PASS,c.262+75G>A,,c.262+75G>A,intron_variant,,,,1,111047,0.000009005195998090898,0,0,0,1489,0,0,0,10379,0,0,0,5935,0,0,0,684,0,0,0,3497,0,0,0,237,0,0,0,2640,0,0,0,2645,0,0,0,30496,0,0,1,53045,0,0
X,152345510,rs767343128,T,C,gnomAD Genomes,NA,PASS,c.262+71A>G,,c.262+71A>G,intron_variant,,,,3,111266,0.000026962414394334298,0,0,0,1498,0,0,0,10405,0,0,0,5981,0,0,0,687,0,0,0,3503,0,0,0,236,0,0,0,2653,0,0,3,2642,0,0,0,30565,0,0,0,53096,0,0
X,152345510,,T,G,gnomAD Genomes,NA,PASS,c.262+71A>C,,c.262+71A>C,intron_variant,,,,1,111266,0.000008987471464778099,0,0,0,1498,0,0,0,10405,0,0,0,5981,0,0,0,687,0,0,0,3503,0,0,0,236,0,0,0,2653,0,0,0,2642,0,0,1,30565,0,0,0,53096,0,0
X,152345510,rs767343128,T,A,gnomAD Genomes,NA,PASS,c.262+71A>T,,c.262+71A>T,intron_variant,,,,1,111266,0.000008987471464778099,0,0,0,1498,0,0,0,10405,0,0,0,5981,0,0,0,687,0,0,1,3503,0,0,0,236,0,0,0,2653,0,0,0,2642,0,0,0,30565,0,0,0,53096,0,0
X,152345511,rs1372432506,A,G,gnomAD Genomes,NA,PASS,c.262+70T>C,,c.262+70T>C,intron_variant,,,,1,111318,0.000008983273145403258,0,0,0,1501,0,0,1,10402,0,0,0,6012,0,0,0,685,0,0,0,3509,0,0,0,239,0,0,0,2651,0,0,0,2643,0,0,0,30573,0,0,0,53103,0,0
X,152345525,rs752613040,A,G,gnomAD Genomes,NA,PASS,c.262+56T>C,,c.262+56T>C,intron_variant,,,,7,111208,0.00006294511186245594,0,2,0,1500,0,0,0,10387,0,0,0,5981,0,0,0,687,0,0,4,3497,0,2,0,239,0,0,0,2646,0,0,0,2633,0,0,3,30550,0,0,0,53088,0,0
X,152345548,rs766924936,G,GAAAAGGACTTCAAAGATCTT,gnomAD Genomes,NA,PASS,c.262+13_262+32dup,,c.262+13_262+32dup,intron_variant,,,,1,110985,0.000009010226607199172,0,1,0,1495,0,0,0,10347,0,0,0,5932,0,0,0,685,0,0,0,3484,0,0,0,237,0,0,0,2609,0,0,0,2638,0,0,0,30535,0,0,1,53023,0,1
X,152345550,rs768622909,A,G,gnomAD Genomes,NA,PASS,c.262+31T>C,,c.262+31T>C,intron_variant,,,,1,110983,0.000009010388978492201,0,0,0,1489,0,0,0,10355,0,0,0,5951,0,0,0,687,0,0,0,3487,0,0,0,238,0,0,0,2615,0,0,0,2634,0,0,0,30499,0,0,1,53028,0,0
X,152345553,rs200826526,G,A,gnomAD Genomes,NA,PASS,c.262+28C>T,,c.262+28C>T,intron_variant,,,,58,110868,0.0005231446404733557,0,12,2,1488,0,0,5,10358,0,2,0,5929,0,0,0,687,0,0,0,3484,0,0,0,235,0,0,0,2613,0,0,0,2635,0,0,50,30462,0,10,1,52977,0,0
X,152345554,rs761973416,G,C,gnomAD Genomes,NA,PASS,c.262+27C>G,,c.262+27C>G,intron_variant,,,,2,110714,0.000018064562747258703,0,0,0,1485,0,0,0,10321,0,0,0,5913,0,0,0,686,0,0,0,3489,0,0,0,237,0,0,0,2597,0,0,0,2632,0,0,2,30429,0,0,0,52925,0,0
X,152345557,rs772461575,T,C,gnomAD Genomes,NA,PASS,c.262+24A>G,,c.262+24A>G,intron_variant,,,,1,110923,0.0000090152628399881,0,1,0,1494,0,0,0,10362,0,0,0,5942,0,0,0,687,0,0,0,3486,0,0,0,236,0,0,1,2610,0,1,0,2635,0,0,0,30493,0,0,0,52978,0,0
X,152345561,,A,G,gnomAD Genomes,NA,PASS,c.262+20T>C,,c.262+20T>C,intron_variant,,,,1,111051,0.000009004871635554836,0,0,0,1501,0,0,0,10373,0,0,0,5984,0,0,0,688,0,0,0,3499,0,0,0,238,0,0,0,2606,0,0,0,2637,0,0,1,30510,0,0,0,53015,0,0
X,152345566,rs201638770,C,T,gnomAD Genomes,NA,PASS,c.262+15G>A,,c.262+15G>A,intron_variant,,,,3,110922,0.000027046032347054687,0,3,0,1494,0,0,1,10381,0,1,0,5936,0,0,0,685,0,0,0,3495,0,0,0,238,0,0,0,2612,0,0,0,2637,0,0,0,30468,0,0,2,52976,0,2
X,152345569,rs200115285,A,G,gnomAD Genomes,NA,PASS,c.262+12T>C,,c.262+12T>C,intron_variant,,,,1,111370,0.000008979078746520608,0,0,0,1499,0,0,0,10431,0,0,0,6038,0,0,0,688,0,0,0,3513,0,0,0,238,0,0,0,2628,0,0,0,2642,0,0,0,30606,0,0,1,53087,0,0
X,152345569,rs200115285,A,C,gnomAD Genomes,NA,PASS,c.262+12T>G,,c.262+12T>G,intron_variant,,,,4,111370,0.00003591631498608243,0,1,0,1499,0,0,0,10431,0,0,0,6038,0,0,0,688,0,0,0,3513,0,0,0,238,0,0,0,2628,0,0,0,2642,0,0,4,30606,0,1,0,53087,0,0
X,152345615,rs201122592,G,A,gnomAD Genomes,NA,PASS,p.Asp76Asp,p.Asp76Asp,c.228C>T,synonymous_variant,,,,6,111196,0.000053958775495521424,0,2,0,1491,0,0,0,10419,0,0,0,5963,0,0,0,684,0,0,2,3522,0,1,0,238,0,0,0,2639,0,0,0,2640,0,0,0,30564,0,0,4,53036,0,1
X,152345618,rs1375696245,C,G,gnomAD Genomes,NA,PASS,p.Leu75Leu,p.Leu75Leu,c.225G>C,synonymous_variant,,,,1,111035,0.000009006169225919756,0,0,0,1493,0,0,0,10417,0,0,0,5949,0,0,0,685,0,0,0,3507,0,0,0,237,0,0,0,2623,0,0,0,2635,0,0,0,30460,0,0,1,53029,0,0
X,152345620,rs1335708937,G,A,gnomAD Genomes,NA,PASS,p.Leu75Leu,p.Leu75Leu,c.223C>T,synonymous_variant,,,,1,111331,0.000008982224178351043,0,0,0,1497,0,0,0,10438,0,0,0,6001,0,0,0,685,0,0,0,3517,0,0,0,236,0,0,0,2649,0,0,0,2640,0,0,0,30573,0,0,1,53095,0,0
X,152345645,rs80294587,G,T,gnomAD Genomes,NA,PASS,p.Ile66Ile,p.Ile66Ile,c.198C>A,synonymous_variant,,,,2,111363,0.00001795928629796252,0,0,0,1489,0,0,0,10452,0,0,0,5982,0,0,0,685,0,0,0,3511,0,0,0,239,0,0,0,2658,0,0,0,2641,0,0,0,30594,0,0,2,53112,0,0
X,152345645,rs80294587,G,A,gnomAD Genomes,NA,PASS,p.Ile66Ile,p.Ile66Ile,c.198C>T,synonymous_variant,,,,1,111363,0.00000897964314898126,0,0,0,1489,0,0,0,10452,0,0,0,5982,0,0,0,685,0,0,0,3511,0,0,0,239,0,0,0,2658,0,0,0,2641,0,0,0,30594,0,0,1,53112,0,0
X,152345658,,T,C,gnomAD Genomes,NA,PASS,p.Asp62Gly,p.Asp62Gly,c.185A>G,missense_variant,,,,1,111237,0.000008989814540126037,0,1,0,1501,0,0,0,10442,0,0,0,6009,0,0,0,684,0,0,0,3504,0,0,0,239,0,0,0,2627,0,0,0,2638,0,0,0,30527,0,0,1,53066,0,1
X,152345664,rs1418239105,C,T,gnomAD Genomes,NA,PASS,p.Ser60Asn,p.Ser60Asn,c.179G>A,missense_variant,,,,1,110925,0.00000901510029299076,0,1,0,1489,0,0,0,10403,0,0,0,5891,0,0,0,684,0,0,0,3485,0,0,0,239,0,0,0,2618,0,0,0,2644,0,0,0,30431,0,0,1,53041,0,1
X,152345670,rs199934949,T,G,gnomAD Genomes,NA,PASS,p.Asp58Ala,p.Asp58Ala,c.173A>C,missense_variant,,,,6,110817,0.00005414331736105471,0,3,0,1497,0,0,0,10387,0,0,0,5905,0,0,0,685,0,0,0,3483,0,0,0,237,0,0,0,2607,0,0,0,2645,0,0,1,30397,0,1,5,52974,0,2
X,152345681,rs200948055,T,C,gnomAD Genomes,NA,PASS,p.Pro54Pro,p.Pro54Pro,c.162A>G,synonymous_variant,,,,2,110089,0.000018167119330723323,0,0,0,1474,0,0,0,10331,0,0,0,5855,0,0,0,686,0,0,0,3484,0,0,0,236,0,0,0,2553,0,0,0,2625,0,0,1,29952,0,0,1,52893,0,0
X,152345701,rs148407975,G,A,gnomAD Genomes,NA,PASS,p.Leu48Leu,p.Leu48Leu,c.142C>T,splice_region_variant,,,,2,106816,0.00001872378669862193,0,1,0,1418,0,0,0,10148,0,0,0,5561,0,0,0,674,0,0,0,3377,0,0,0,226,0,0,0,2437,0,0,0,2585,0,0,0,28149,0,0,2,52241,0,1
X,152345707,rs745646971,G,A,gnomAD Genomes,NA,PASS,c.141-5C>T,,c.141-5C>T,splice_region_variant,,,,1,101522,0.000009850081755678572,0,0,0,1365,0,0,0,9876,0,0,0,5272,0,0,0,666,0,0,0,3254,0,0,0,215,0,0,0,2307,0,0,0,2508,0,0,1,24962,0,0,0,51097,0,0
X,152345713,rs780119631,G,A,gnomAD Genomes,NA,PASS,c.141-11C>T,,c.141-11C>T,intron_variant,,,,1,97378,0.000010269259997124607,0,0,0,1323,0,0,0,9762,0,0,0,5196,0,0,0,654,0,0,0,3149,0,0,0,209,0,0,0,2270,0,0,0,2457,0,0,0,22135,0,0,1,50223,0,0
X,152345714,rs1197916202,C,A,gnomAD Genomes,NA,PASS,c.141-12G>T,,c.141-12G>T,intron_variant,,,,1,95916,0.000010425789232244882,0,0,0,1313,0,0,0,9550,0,0,0,4957,0,0,0,649,0,0,0,3125,0,0,0,211,0,0,0,2231,0,0,0,2441,0,0,1,21708,0,0,0,49731,0,0
X,152345718,rs748267716,G,C,gnomAD Genomes,NA,PASS,c.141-16C>G,,c.141-16C>G,intron_variant,,,,1,95324,0.0000104905375351433,0,0,0,1300,0,0,0,9651,0,0,0,4938,0,0,0,646,0,0,0,3135,0,0,0,209,0,0,0,2247,0,0,0,2430,0,0,0,21170,0,0,1,49598,0,0
X,152345723,rs3830670,G,GAA,gnomAD Genomes,NA,PASS,c.141-23_141-22dup,,c.141-23_141-22dup,intron_variant,,,,10,108654,0.0000920352679146649,0,3,0,1451,0,0,0,10230,0,0,0,5566,0,0,0,679,0,0,0,3448,0,0,0,229,0,0,0,2531,0,0,0,2594,0,0,10,29643,0,3,0,52283,0,0
X,152345723,rs3830670,G,GA,gnomAD Genomes,NA,PASS,c.141-22dup,,c.141-22dup,intron_variant,,,,25089,108592,0.23103911890378664,2964,6635,313,1450,24,97,1222,10228,76,384,873,5567,32,440,75,679,5,18,681,3447,53,213,39,229,3,15,437,2531,22,236,429,2592,25,121,13462,29606,2318,3324,7558,52263,406,1787
X,152345729,,A,T,gnomAD Genomes,NA,PASS,c.141-27T>A,,c.141-27T>A,intron_variant,,,,1,111453,0.000008972391949969942,0,0,1,1509,0,0,0,10466,0,0,0,6064,0,0,0,687,0,0,0,3541,0,0,0,235,0,0,0,2649,0,0,0,2646,0,0,0,30585,0,0,0,53071,0,0
X,152345731,rs763363996,AT,A,gnomAD Genomes,NA,PASS,c.141-30del,,c.141-30del,intron_variant,,,,1,111542,0.00000896523282709652,0,0,0,1506,0,0,0,10475,0,0,0,6049,0,0,0,688,0,0,0,3552,0,0,0,237,0,0,0,2646,0,0,0,2648,0,0,0,30605,0,0,1,53136,0,0
X,152345732,rs201547939,T,A,gnomAD Genomes,NA,PASS,c.141-30A>T,,c.141-30A>T,intron_variant,,,,1,108580,0.000009209799226376865,0,0,0,1481,0,0,0,10284,0,0,0,5812,0,0,0,680,0,0,0,3461,0,0,0,232,0,0,0,2533,0,0,0,2596,0,0,1,29111,0,0,0,52390,0,0
X,152345733,rs1320656557,A,T,gnomAD Genomes,NA,PASS,c.141-31T>A,,c.141-31T>A,intron_variant,,,,1,110351,0.000009061993094761262,0,1,0,1492,0,0,0,10398,0,0,0,5967,0,0,0,685,0,0,0,3497,0,0,0,233,0,0,0,2605,0,0,0,2623,0,0,0,29994,0,0,1,52857,0,1
X,152345735,rs1191367395,T,C,gnomAD Genomes,NA,PASS,c.141-33A>G,,c.141-33A>G,intron_variant,,,,1,111109,0.000009000171003249062,0,0,0,1502,0,0,0,10420,0,0,0,5982,0,0,0,688,0,0,0,3536,0,0,0,235,0,0,0,2620,0,0,0,2633,0,0,0,30471,0,0,1,53022,0,0
X,152345745,rs201702146,T,C,gnomAD Genomes,NA,PASS,c.141-43A>G,,c.141-43A>G,intron_variant,,,,48,111243,0.00043148782395296785,0,13,1,1510,0,0,3,10463,0,1,0,5953,0,0,0,685,0,0,0,3535,0,0,0,235,0,0,0,2661,0,0,0,2638,0,0,41,30547,0,11,3,53016,0,1
X,152345746,,A,G,gnomAD Genomes,NA,PASS,c.141-44T>C,,c.141-44T>C,intron_variant,,,,1,111857,0.000008939985874822318,0,0,0,1510,0,0,0,10515,0,0,0,6087,0,0,0,688,0,0,0,3559,0,0,0,237,0,0,1,2675,0,0,0,2641,0,0,0,30747,0,0,0,53198,0,0
X,152345748,rs752270920,G,GA,gnomAD Genomes,NA,PASS,c.141-47dup,,c.141-47dup,intron_variant,,,,1,110752,0.00000902918231724935,0,0,0,1496,0,0,0,10391,0,0,0,5873,0,0,0,680,0,0,0,3538,0,0,0,232,0,0,0,2629,0,0,0,2631,0,0,0,30439,0,0,1,52843,0,0
X,152345756,rs1439629906,A,G,gnomAD Genomes,NA,PASS,c.141-54T>C,,c.141-54T>C,intron_variant,,,,1,111968,0.000008931123178050872,0,0,0,1510,0,0,1,10527,0,0,0,6090,0,0,0,688,0,0,0,3560,0,0,0,238,0,0,0,2698,0,0,0,2651,0,0,0,30787,0,0,0,53219,0,0
X,152345757,rs932210707,T,A,gnomAD Genomes,NA,PASS,c.141-55A>T,,c.141-55A>T,intron_variant,,,,1,111389,0.00000897754715456643,0,0,0,1507,0,0,0,10451,0,0,0,6011,0,0,0,687,0,0,0,3544,0,0,0,236,0,0,0,2675,0,0,0,2647,0,0,1,30588,0,0,0,53043,0,0
X,152345757,rs932210707,T,C,gnomAD Genomes,NA,PASS,c.141-55A>G,,c.141-55A>G,intron_variant,,,,1,111388,0.000008977627751642906,0,1,0,1507,0,0,1,10451,0,1,0,6011,0,0,0,687,0,0,0,3544,0,0,0,236,0,0,0,2675,0,0,0,2647,0,0,0,30588,0,0,0,53042,0,0
X,152345761,rs372167246,T,G,gnomAD Genomes,NA,PASS,c.141-59A>C,,c.141-59A>C,intron_variant,,,,1,111670,0.000008954956568460643,0,0,0,1511,0,0,0,10484,0,0,0,6061,0,0,0,687,0,0,1,3551,0,0,0,237,0,0,0,2665,0,0,0,2652,0,0,0,30691,0,0,0,53131,0,0
X,152345768,rs1300472448,A,G,gnomAD Genomes,NA,PASS,c.141-66T>C,,c.141-66T>C,intron_variant,,,,3,112051,0.000026773522770881118,0,2,0,1516,0,0,0,10519,0,0,0,6124,0,0,0,689,0,0,0,3569,0,0,0,236,0,0,0,2703,0,0,0,2650,0,0,0,30808,0,0,3,53237,0,2
X,152345773,rs941360578,G,A,gnomAD Genomes,NA,PASS,c.141-71C>T,,c.141-71C>T,intron_variant,,,,1,111677,0.000008954395264915783,0,0,0,1510,0,0,0,10483,0,0,0,6033,0,0,0,689,0,0,0,3558,0,0,0,233,0,0,0,2686,0,0,0,2647,0,0,0,30706,0,0,1,53132,0,0
X,152364363,rs951586976,CAGA,C,gnomAD Genomes,NA,PASS,c.140+65_140+67del,,c.140+65_140+67del,intron_variant,,,,3,111115,0.000026999055033073842,0,0,0,1504,0,0,0,10393,0,0,0,5991,0,0,0,685,0,0,0,3522,0,0,0,238,0,0,0,2607,0,0,0,2635,0,0,3,30483,0,0,0,53057,0,0
X,152364363,,C,G,gnomAD Genomes,NA,PASS,c.140+68G>C,,c.140+68G>C,intron_variant,,,,1,111115,0.000008999685011024613,0,1,0,1504,0,0,0,10393,0,0,0,5991,0,0,0,685,0,0,0,3522,0,0,0,238,0,0,0,2607,0,0,0,2635,0,0,1,30483,0,1,0,53057,0,0
X,152364369,rs946923554,T,A,gnomAD Genomes,NA,PASS,c.140+62A>T,,c.140+62A>T,intron_variant,,,,16,110920,0.000144248106743599,0,2,0,1506,0,0,1,10391,0,0,0,5965,0,0,0,685,0,0,0,3511,0,0,0,238,0,0,0,2590,0,0,0,2631,0,0,1,30442,0,0,14,52961,0,2
X,152364382,rs1331653242,C,T,gnomAD Genomes,NA,PASS,c.140+49G>A,,c.140+49G>A,intron_variant,,,,1,111165,0.00000899563711599874,0,0,0,1504,0,0,0,10410,0,0,0,5987,0,0,0,684,0,0,0,3523,0,0,0,237,0,0,0,2599,0,0,0,2635,0,0,1,30522,0,0,0,53064,0,0
X,152364383,rs771050884,A,G,gnomAD Genomes,NA,PASS,c.140+48T>C,,c.140+48T>C,intron_variant,,,,2,111370,0.000017958157493041215,0,1,0,1503,0,0,0,10449,0,0,0,6031,0,0,0,684,0,0,0,3530,0,0,0,236,0,0,0,2606,0,0,0,2630,0,0,2,30607,0,1,0,53094,0,0
X,152364392,rs1384316232,TCA,T,gnomAD Genomes,NA,PASS,c.140+37_140+38del,,c.140+37_140+38del,intron_variant,,,,2,111449,0.000017945427953593124,0,0,0,1504,0,0,0,10462,0,0,0,6058,0,0,0,687,0,0,0,3529,0,0,0,239,0,0,0,2611,0,0,0,2633,0,0,0,30637,0,0,2,53089,0,0
X,152364398,rs200403161,T,A,gnomAD Genomes,NA,PASS,c.140+33A>T,,c.140+33A>T,intron_variant,,,,2,111311,0.000017967676150605062,0,1,0,1508,0,0,0,10445,0,0,0,6027,0,0,0,688,0,0,0,3518,0,0,0,234,0,0,0,2601,0,0,0,2636,0,0,0,30600,0,0,2,53054,0,1
X,152364399,,C,T,gnomAD Genomes,NA,PASS,c.140+32G>A,,c.140+32G>A,intron_variant,,,,1,111264,0.00000898763301696865,0,0,0,1502,0,0,0,10431,0,0,0,6007,0,0,0,686,0,0,0,3520,0,0,0,235,0,0,0,2602,0,0,0,2634,0,0,1,30583,0,0,0,53064,0,0
X,152364399,rs201222418,C,A,gnomAD Genomes,NA,PASS,c.140+32G>T,,c.140+32G>T,intron_variant,,,,2,111264,0.0000179752660339373,0,1,0,1502,0,0,0,10431,0,0,0,6007,0,0,0,686,0,0,0,3520,0,0,0,235,0,0,0,2602,0,0,0,2634,0,0,0,30583,0,0,2,53064,0,1
X,152364408,rs199945107,T,A,gnomAD Genomes,NA,PASS,c.140+23A>T,,c.140+23A>T,intron_variant,,,,1,111296,0.0000089850488786659,0,1,0,1503,0,0,0,10441,0,0,0,6027,0,0,0,686,0,0,0,3515,0,0,0,236,0,0,0,2616,0,0,0,2635,0,0,1,30594,0,1,0,53043,0,0
X,152364408,rs199945107,T,C,gnomAD Genomes,NA,PASS,c.140+23A>G,,c.140+23A>G,intron_variant,,,,9,111296,0.0000808654399079931,0,2,0,1503,0,0,0,10441,0,0,0,6027,0,0,0,686,0,0,9,3515,0,2,0,236,0,0,0,2616,0,0,0,2635,0,0,0,30594,0,0,0,53043,0,0
X,152364412,rs375779394,A,G,gnomAD Genomes,NA,PASS,c.140+19T>C,,c.140+19T>C,intron_variant,,,,4,111074,0.000036012028017357796,0,1,0,1503,0,0,0,10402,0,0,0,6007,0,0,0,690,0,0,0,3502,0,0,0,238,0,0,0,2600,0,0,0,2631,0,0,0,30530,0,0,4,52971,0,1
X,152364413,rs199720086,A,G,gnomAD Genomes,NA,PASS,c.140+18T>C,,c.140+18T>C,intron_variant,,,,2,111091,0.000018003258589804755,0,1,0,1500,0,0,0,10412,0,0,0,5993,0,0,0,684,0,0,0,3513,0,0,0,237,0,0,2,2598,0,1,0,2635,0,0,0,30512,0,0,0,53007,0,0
X,152364418,rs765627242,T,A,gnomAD Genomes,NA,PASS,c.140+13A>T,,c.140+13A>T,intron_variant,,,,2,111171,0.000017990303226560884,0,1,0,1499,0,0,0,10417,0,0,0,6023,0,0,0,690,0,0,2,3526,0,1,0,237,0,0,0,2600,0,0,0,2628,0,0,0,30547,0,0,0,53004,0,0
X,152364419,,A,C,gnomAD Genomes,NA,PASS,c.140+12T>G,,c.140+12T>G,intron_variant,,,,1,111221,0.000008991107794391347,0,1,0,1505,0,0,0,10416,0,0,0,6026,0,0,0,688,0,0,0,3524,0,0,0,236,0,0,1,2615,0,1,0,2624,0,0,0,30553,0,0,0,53034,0,0
X,152364454,rs1341966287,G,T,gnomAD Genomes,NA,PASS,p.Asp39Glu,p.Asp39Glu,c.117C>A,missense_variant,,,,1,110997,0.000009009252502319883,0,0,0,1489,0,0,0,10382,0,0,0,5952,0,0,0,683,0,0,0,3508,0,0,0,238,0,0,0,2586,0,0,0,2641,0,0,0,30503,0,0,1,53015,0,0
X,152364459,rs367755490,C,T,gnomAD Genomes,NA,PASS,p.Gly38Arg,p.Gly38Arg,c.112G>A,missense_variant,,,,3,110980,0.000027031897639214274,0,1,0,1491,0,0,0,10372,0,0,0,5964,0,0,0,681,0,0,0,3512,0,0,0,236,0,0,1,2586,0,1,0,2634,0,0,0,30528,0,0,2,52976,0,0
X,152364462,,G,A,gnomAD Genomes,NA,PASS,p.Pro37Ser,p.Pro37Ser,c.109C>T,missense_variant,,,,1,110942,0.000009013718880135566,0,0,0,1487,0,0,0,10372,0,0,0,5953,0,0,0,681,0,0,0,3512,0,0,0,238,0,0,1,2595,0,0,0,2635,0,0,0,30482,0,0,0,52987,0,0
X,152364469,rs751788225,T,A,gnomAD Genomes,NA,PASS,p.Arg34Arg,p.Arg34Arg,c.102A>T,synonymous_variant,Likely benign,730656,,2,110999,0.000018018180343967064,0,1,0,1485,0,0,1,10375,0,0,0,5969,0,0,0,681,0,0,0,3507,0,0,0,238,0,0,0,2588,0,0,0,2634,0,0,0,30518,0,0,1,53004,0,1
X,152364477,rs776683637,A,G,gnomAD Genomes,NA,PASS,p.Ser32Pro,p.Ser32Pro,c.94T>C,missense_variant,,,,2,110806,0.000018049564103026913,0,0,0,1481,0,0,0,10328,0,0,0,5931,0,0,0,680,0,0,0,3507,0,0,0,235,0,0,0,2580,0,0,0,2631,0,0,1,30456,0,0,1,52977,0,0
X,152364513,rs746277466,T,A,gnomAD Genomes,NA,PASS,p.Ile20Phe,p.Ile20Phe,c.58A>T,missense_variant,,,,13,111016,0.00011710023780355984,0,3,0,1478,0,0,0,10359,0,0,0,5963,0,0,0,685,0,0,0,3524,0,0,0,239,0,0,0,2599,0,0,0,2639,0,0,13,30532,0,3,0,52998,0,0
X,152364516,rs201326581,G,C,gnomAD Genomes,NA,PASS,p.Leu19Val,p.Leu19Val,c.55C>G,missense_variant,,,,6,110959,0.00005407402734343316,0,2,0,1481,0,0,0,10355,0,0,0,5938,0,0,0,679,0,0,0,3529,0,0,0,239,0,0,0,2589,0,0,0,2637,0,0,2,30506,0,1,4,53006,0,1
X,152364519,rs371427327,A,C,gnomAD Genomes,NA,PASS,p.Phe18Val,p.Phe18Val,c.52T>G,missense_variant,,,,2,111263,0.00001797542759048381,0,0,0,1490,0,0,0,10399,0,0,0,6012,0,0,0,686,0,0,0,3527,0,0,0,239,0,0,0,2612,0,0,0,2640,0,0,2,30606,0,0,0,53052,0,0
X,152364533,rs199807919,C,T,gnomAD Genomes,NA,PASS,p.Ser13Asn,p.Ser13Asn,c.38G>A,missense_variant,,,,1,111408,0.000008976016085020824,0,1,0,1485,0,0,1,10414,0,1,0,6016,0,0,0,683,0,0,0,3542,0,0,0,238,0,0,0,2616,0,0,0,2642,0,0,0,30642,0,0,0,53130,0,0
X,152364536,rs200794179,G,T,gnomAD Genomes,NA,PASS,p.Thr12Asn,p.Thr12Asn,c.35C>A,missense_variant,,,,2,111433,0.000017948004630585193,0,0,0,1486,0,0,0,10430,0,0,0,6014,0,0,0,687,0,0,0,3545,0,0,0,239,0,0,0,2633,0,0,0,2642,0,0,0,30652,0,0,2,53105,0,0
X,152364537,rs61734348,T,A,gnomAD Genomes,NA,PASS,p.Thr12Ser,p.Thr12Ser,c.34A>T,missense_variant,Likely benign,780739,,138,111426,0.0012384901190027463,0,40,3,1488,0,0,1,10426,0,0,0,6012,0,0,0,686,0,0,0,3548,0,0,1,240,0,0,0,2626,0,0,0,2647,0,0,128,30634,0,38,5,53119,0,2
X,152364547,rs767240156,G,A,gnomAD Genomes,NA,PASS,p.His8His,p.His8His,c.24C>T,synonymous_variant,Likely benign,748673,,5,111625,0.00004479283314669653,0,0,0,1497,0,0,5,10452,0,0,0,6065,0,0,0,686,0,0,0,3554,0,0,0,239,0,0,0,2620,0,0,0,2646,0,0,0,30695,0,0,0,53171,0,0
X,152364555,rs988264892,T,C,gnomAD Genomes,NA,PASS,p.Thr6Ala,p.Thr6Ala,c.16A>G,missense_variant,,,,2,111439,0.000017947038290006192,0,2,0,1491,0,0,0,10450,0,0,0,6048,0,0,0,686,0,0,0,3542,0,0,0,240,0,0,0,2607,0,0,0,2643,0,0,0,30637,0,0,2,53095,0,2
X,152364562,rs913982469,G,T,gnomAD Genomes,NA,PASS,p.Ile3Ile,p.Ile3Ile,c.9C>A,synonymous_variant,,,,2,111445,0.000017946072053479296,0,1,0,1491,0,0,2,10440,0,1,0,6028,0,0,0,685,0,0,0,3549,0,0,0,240,0,0,0,2623,0,0,0,2646,0,0,0,30640,0,0,0,53103,0,0
X,152364571,,C,G,gnomAD Genomes,NA,PASS,c.-1G>C,,c.-1G>C,5_prime_UTR_variant,,,,1,111325,0.000008982708286548395,0,0,0,1490,0,0,0,10418,0,0,0,6012,0,0,0,685,0,0,0,3543,0,0,0,239,0,0,0,2610,0,0,0,2645,0,0,0,30590,0,0,1,53093,0,0
X,152364593,rs1462667747,A,G,gnomAD Genomes,NA,PASS,c.-23T>C,,c.-23T>C,5_prime_UTR_variant,,,,2,111458,0.000017943978897880816,0,1,0,1495,0,0,0,10457,0,0,0,6049,0,0,0,686,0,0,0,3555,0,0,0,239,0,0,0,2620,0,0,0,2646,0,0,2,30588,0,1,0,53123,0,0
X,152364614,rs200503915,T,G,gnomAD Genomes,NA,PASS,c.-26-18A>C,,c.-26-18A>C,intron_variant,,,,9,111267,0.0000808865162177465,0,4,0,1485,0,0,0,10444,0,0,0,6000,0,0,0,685,0,0,0,3556,0,0,0,238,0,0,0,2611,0,0,0,2646,0,0,1,30551,0,0,8,53051,0,4
X,152364618,rs1380023644,T,A,gnomAD Genomes,NA,PASS,c.-26-22A>T,,c.-26-22A>T,intron_variant,,,,1,110964,0.000009011931797700155,0,0,0,1489,0,0,0,10392,0,0,0,5982,0,0,0,685,0,0,0,3536,0,0,0,238,0,0,0,2605,0,0,0,2642,0,0,0,30462,0,0,1,52933,0,0
X,152364628,rs1219359555,G,A,gnomAD Genomes,NA,PASS,c.-26-32C>T,,c.-26-32C>T,intron_variant,,,lcr,1,111541,0.000008965313203216754,0,0,0,1494,0,0,0,10464,0,0,0,6056,0,0,0,688,0,0,0,3554,0,0,0,239,0,0,0,2636,0,0,0,2650,0,0,1,30672,0,0,0,53088,0,0
X,152364638,,G,A,gnomAD Genomes,NA,PASS,c.-26-42C>T,,c.-26-42C>T,intron_variant,,,lcr,1,111547,0.000008964830968112097,0,1,0,1491,0,0,0,10469,0,0,0,6072,0,0,0,687,0,0,0,3556,0,0,1,238,0,1,0,2647,0,0,0,2644,0,0,0,30640,0,0,0,53103,0,0
